Workbook

Sheet Indications table
A1: Month and Year | B1: url Highlights | C1: New medicines | Extensions of indications | D1: Name of medicine | E1: International non-proprietary name (INN) | F1: Therapeutic area (MeSH) | G1: Pharmacotherapeutic group | H1: ATC code | I1: ATC code WHO | J1: ATC L01|L02 | K1: url EPAR | L1: Procedure No | M1: Recommended indication | N1: indications in (haemato)-oncology | O1: Extension of indication for pediatric population | P1: Indication included | Q1: Reason(s) for non-inclusion | R1: Number of main studies | S1: Study identifier | T1: NCT | U1: EudraCT
A2: 43831 | B2: https://www.ema.europa.eu/en/news/meeting-highlights-committee-medicinal-products-human-use-chmp-27-30-january-2020 | C2: New medicines | D2: Givlaari | E2: =IFERROR(IF(VLOOKUP($D2,'Medicine outputs'!$B:$AM,6,0)=0,"",VLOOKUP($D2,'Medicine outputs'!$B:$AM,6,0)),"") -> givosiran | F2: =IFERROR(IF(VLOOKUP($D2,'Medicine outputs'!$B:$AM,8,0)=0,"",VLOOKUP($D2,'Medicine outputs'!$B:$AM,8,0)),"") -> Porphyrias, Hepatic | G2: =IFERROR(IF(VLOOKUP($D2,'Medicine outputs'!$B:$AM,13,0)=0,"",VLOOKUP($D2,'Medicine outputs'!$B:$AM,13,0)),"") -> Various alimentary tract and metabolism products | H2: =IFERROR(IF(VLOOKUP($D2,'Medicine outputs'!$B:$AM,11,0)=0,"",VLOOKUP($D2,'Medicine outputs'!$B:$AM,11,0)),"") -> A16AX16 | I2: NA | J2: =IF(OR(LEFT(H2,3)="L01",LEFT(H2,3)="L02",LEFT(I2,3)="L01",LEFT(I2,3)="L02"),"Yes","No") -> No | K2: NA | L2: NA | M2: NA | N2: NA | O2: NA | P2: =IF(OR(J2="No",N2="No",O2="Yes",Q2<>"NA"),"No","Yes") -> No | Q2: ATC code other than L01|L02 | R2: NA | S2: NA | T2: NA | U2: NA
A3: 43831 | B3: https://www.ema.europa.eu/en/news/meeting-highlights-committee-medicinal-products-human-use-chmp-27-30-january-2020 | C3: New medicines | D3: Lyumjev (previously Liumjev) | E3: =IFERROR(IF(VLOOKUP($D3,'Medicine outputs'!$B:$AM,6,0)=0,"",VLOOKUP($D3,'Medicine outputs'!$B:$AM,6,0)),"") -> insulin lispro | F3: =IFERROR(IF(VLOOKUP($D3,'Medicine outputs'!$B:$AM,8,0)=0,"",VLOOKUP($D3,'Medicine outputs'!$B:$AM,8,0)),"") -> Diabetes Mellitus | G3: =IFERROR(IF(VLOOKUP($D3,'Medicine outputs'!$B:$AM,13,0)=0,"",VLOOKUP($D3,'Medicine outputs'!$B:$AM,13,0)),"") -> Drugs used in diabetes | H3: =IFERROR(IF(VLOOKUP($D3,'Medicine outputs'!$B:$AM,11,0)=0,"",VLOOKUP($D3,'Medicine outputs'!$B:$AM,11,0)),"") -> A10AB04 | I3: NA | J3: =IF(OR(LEFT(H3,3)="L01",LEFT(H3,3)="L02",LEFT(I3,3)="L01",LEFT(I3,3)="L02"),"Yes","No") -> No | K3: NA | L3: NA | M3: NA | N3: NA | O3: NA | P3: =IF(OR(J3="No",N3="No",O3="Yes",Q3<>"NA"),"No","Yes") -> No | Q3: ATC code other than L01|L02 | R3: NA | S3: NA | T3: NA | U3: NA
A4: 43831 | B4: https://www.ema.europa.eu/en/news/meeting-highlights-committee-medicinal-products-human-use-chmp-27-30-january-2020 | C4: New medicines | D4: Nilemdo | E4: =IFERROR(IF(VLOOKUP($D4,'Medicine outputs'!$B:$AM,6,0)=0,"",VLOOKUP($D4,'Medicine outputs'!$B:$AM,6,0)),"") -> bempedoic acid | F4: =IFERROR(IF(VLOOKUP($D4,'Medicine outputs'!$B:$AM,8,0)=0,"",VLOOKUP($D4,'Medicine outputs'!$B:$AM,8,0)),"") -> Hypercholesterolemia;Dyslipidemias | G4: =IFERROR(IF(VLOOKUP($D4,'Medicine outputs'!$B:$AM,13,0)=0,"",VLOOKUP($D4,'Medicine outputs'!$B:$AM,13,0)),"") -> Lipid modifying agents | H4: =IFERROR(IF(VLOOKUP($D4,'Medicine outputs'!$B:$AM,11,0)=0,"",VLOOKUP($D4,'Medicine outputs'!$B:$AM,11,0)),"") -> C10AX | I4: NA | J4: =IF(OR(LEFT(H4,3)="L01",LEFT(H4,3)="L02",LEFT(I4,3)="L01",LEFT(I4,3)="L02"),"Yes","No") -> No | K4: NA | L4: NA | M4: NA | N4: NA | O4: NA | P4: =IF(OR(J4="No",N4="No",O4="Yes",Q4<>"NA"),"No","Yes") -> No | Q4: ATC code other than L01|L02 | R4: NA | S4: NA | T4: NA | U4: NA
A5: 43831 | B5: https://www.ema.europa.eu/en/news/meeting-highlights-committee-medicinal-products-human-use-chmp-27-30-january-2020 | C5: New medicines | D5: Nubeqa | E5: =IFERROR(IF(VLOOKUP($D5,'Medicine outputs'!$B:$AM,6,0)=0,"",VLOOKUP($D5,'Medicine outputs'!$B:$AM,6,0)),"") -> darolutamide | F5: =IFERROR(IF(VLOOKUP($D5,'Medicine outputs'!$B:$AM,8,0)=0,"",VLOOKUP($D5,'Medicine outputs'!$B:$AM,8,0)),"") -> Prostatic Neoplasms, Castration-Resistant | G5: =IFERROR(IF(VLOOKUP($D5,'Medicine outputs'!$B:$AM,13,0)=0,"",VLOOKUP($D5,'Medicine outputs'!$B:$AM,13,0)),"") -> Endocrine therapy | H5: =IFERROR(IF(VLOOKUP($D5,'Medicine outputs'!$B:$AM,11,0)=0,"",VLOOKUP($D5,'Medicine outputs'!$B:$AM,11,0)),"") -> L02BB | I5: NA | J5: =IF(OR(LEFT(H5,3)="L01",LEFT(H5,3)="L02",LEFT(I5,3)="L01",LEFT(I5,3)="L02"),"Yes","No") -> Yes | K5: https://www.ema.europa.eu/en/documents/assessment-report/nubeqa-epar-public-assessment-report_en.pdf | L5: EMEA/H/C/004790/0000 | M5: NUBEQA is indicated for the treatment of adult men with non-metastatic castration resistant prostate cancer (nmCRPC) who are at high risk of developing metastatic disease. | N5: Yes | O5: No | P5: =IF(OR(J5="No",N5="No",O5="Yes",Q5<>"NA"),"No","Yes") -> Yes | Q5: NA | R5: 1 | S5: 17712 | T5: NCT02200614 | U5: 2013-003820-36
A6: 43831 | B6: https://www.ema.europa.eu/en/news/meeting-highlights-committee-medicinal-products-human-use-chmp-27-30-january-2020 | C6: New medicines | D6: Nustendi | E6: =IFERROR(IF(VLOOKUP($D6,'Medicine outputs'!$B:$AM,6,0)=0,"",VLOOKUP($D6,'Medicine outputs'!$B:$AM,6,0)),"") -> bempedoic acid;ezetimibe | F6: =IFERROR(IF(VLOOKUP($D6,'Medicine outputs'!$B:$AM,8,0)=0,"",VLOOKUP($D6,'Medicine outputs'!$B:$AM,8,0)),"") -> Hypercholesterolemia;Dyslipidemias | G6: =IFERROR(IF(VLOOKUP($D6,'Medicine outputs'!$B:$AM,13,0)=0,"",VLOOKUP($D6,'Medicine outputs'!$B:$AM,13,0)),"") -> Lipid modifying agents | H6: =IFERROR(IF(VLOOKUP($D6,'Medicine outputs'!$B:$AM,11,0)=0,"",VLOOKUP($D6,'Medicine outputs'!$B:$AM,11,0)),"") -> C10B | I6: NA | J6: =IF(OR(LEFT(H6,3)="L01",LEFT(H6,3)="L02",LEFT(I6,3)="L01",LEFT(I6,3)="L02"),"Yes","No") -> No | K6: NA | L6: NA | M6: NA | N6: NA | O6: NA | P6: =IF(OR(J6="No",N6="No",O6="Yes",Q6<>"NA"),"No","Yes") -> No | Q6: ATC code other than L01|L02 | R6: NA | S6: NA | T6: NA | U6: NA
A7: 43831 | B7: https://www.ema.europa.eu/en/news/meeting-highlights-committee-medicinal-products-human-use-chmp-27-30-january-2020 | C7: New medicines | D7: Rybelsus | E7: =IFERROR(IF(VLOOKUP($D7,'Medicine outputs'!$B:$AM,6,0)=0,"",VLOOKUP($D7,'Medicine outputs'!$B:$AM,6,0)),"") -> semaglutide | F7: =IFERROR(IF(VLOOKUP($D7,'Medicine outputs'!$B:$AM,8,0)=0,"",VLOOKUP($D7,'Medicine outputs'!$B:$AM,8,0)),"") -> Diabetes Mellitus, Type 2 | G7: =IFERROR(IF(VLOOKUP($D7,'Medicine outputs'!$B:$AM,13,0)=0,"",VLOOKUP($D7,'Medicine outputs'!$B:$AM,13,0)),"") -> Drugs used in diabetes | H7: =IFERROR(IF(VLOOKUP($D7,'Medicine outputs'!$B:$AM,11,0)=0,"",VLOOKUP($D7,'Medicine outputs'!$B:$AM,11,0)),"") -> A10BJ06 | I7: NA | J7: =IF(OR(LEFT(H7,3)="L01",LEFT(H7,3)="L02",LEFT(I7,3)="L01",LEFT(I7,3)="L02"),"Yes","No") -> No | K7: NA | L7: NA | M7: NA | N7: NA | O7: NA | P7: =IF(OR(J7="No",N7="No",O7="Yes",Q7<>"NA"),"No","Yes") -> No | Q7: ATC code other than L01|L02 | R7: NA | S7: NA | T7: NA | U7: NA
A8: 43831 | B8: https://www.ema.europa.eu/en/news/meeting-highlights-committee-medicinal-products-human-use-chmp-27-30-january-2020 | C8: New medicines | D8: Staquis | E8: =IFERROR(IF(VLOOKUP($D8,'Medicine outputs'!$B:$AM,6,0)=0,"",VLOOKUP($D8,'Medicine outputs'!$B:$AM,6,0)),"") -> crisaborole | F8: =IFERROR(IF(VLOOKUP($D8,'Medicine outputs'!$B:$AM,8,0)=0,"",VLOOKUP($D8,'Medicine outputs'!$B:$AM,8,0)),"") -> Dermatitis, Atopic | G8: =IFERROR(IF(VLOOKUP($D8,'Medicine outputs'!$B:$AM,13,0)=0,"",VLOOKUP($D8,'Medicine outputs'!$B:$AM,13,0)),"") -> Other dermatological preparations | H8: =IFERROR(IF(VLOOKUP($D8,'Medicine outputs'!$B:$AM,11,0)=0,"",VLOOKUP($D8,'Medicine outputs'!$B:$AM,11,0)),"") -> D11AH06 | I8: NA | J8: =IF(OR(LEFT(H8,3)="L01",LEFT(H8,3)="L02",LEFT(I8,3)="L01",LEFT(I8,3)="L02"),"Yes","No") -> No | K8: NA | L8: NA | M8: NA | N8: NA | O8: NA | P8: =IF(OR(J8="No",N8="No",O8="Yes",Q8<>"NA"),"No","Yes") -> No | Q8: ATC code other than L01|L02 | R8: NA | S8: NA | T8: NA | U8: NA
A9: 43831 | B9: https://www.ema.europa.eu/en/news/meeting-highlights-committee-medicinal-products-human-use-chmp-27-30-january-2020 | C9: New medicines | D9: Vaxchora | E9: =IFERROR(IF(VLOOKUP($D9,'Medicine outputs'!$B:$AM,6,0)=0,"",VLOOKUP($D9,'Medicine outputs'!$B:$AM,6,0)),"") -> cholera vaccine, oral, live | F9: =IFERROR(IF(VLOOKUP($D9,'Medicine outputs'!$B:$AM,8,0)=0,"",VLOOKUP($D9,'Medicine outputs'!$B:$AM,8,0)),"") -> Cholera | G9: =IFERROR(IF(VLOOKUP($D9,'Medicine outputs'!$B:$AM,13,0)=0,"",VLOOKUP($D9,'Medicine outputs'!$B:$AM,13,0)),"") -> Vaccines | H9: =IFERROR(IF(VLOOKUP($D9,'Medicine outputs'!$B:$AM,11,0)=0,"",VLOOKUP($D9,'Medicine outputs'!$B:$AM,11,0)),"") -> J07AE02 | I9: NA | J9: =IF(OR(LEFT(H9,3)="L01",LEFT(H9,3)="L02",LEFT(I9,3)="L01",LEFT(I9,3)="L02"),"Yes","No") -> No | K9: NA | L9: NA | M9: NA | N9: NA | O9: NA | P9: =IF(OR(J9="No",N9="No",O9="Yes",Q9<>"NA"),"No","Yes") -> No | Q9: ATC code other than L01|L02 | R9: NA | S9: NA | T9: NA | U9: NA
A10: 43831 | B10: https://www.ema.europa.eu/en/news/meeting-highlights-committee-medicinal-products-human-use-chmp-27-30-january-2020 | C10: Extensions of indications | D10: Ameluz | E10: =IFERROR(IF(VLOOKUP($D10,'Medicine outputs'!$B:$AM,6,0)=0,"",VLOOKUP($D10,'Medicine outputs'!$B:$AM,6,0)),"") -> 5-aminolevulinic acid hydrochloride | F10: =IFERROR(IF(VLOOKUP($D10,'Medicine outputs'!$B:$AM,8,0)=0,"",VLOOKUP($D10,'Medicine outputs'!$B:$AM,8,0)),"") -> Keratosis, Actinic;Carcinoma, Basal Cell | G10: =IFERROR(IF(VLOOKUP($D10,'Medicine outputs'!$B:$AM,13,0)=0,"",VLOOKUP($D10,'Medicine outputs'!$B:$AM,13,0)),"") -> Antineoplastic agents | H10: =IFERROR(IF(VLOOKUP($D10,'Medicine outputs'!$B:$AM,11,0)=0,"",VLOOKUP($D10,'Medicine outputs'!$B:$AM,11,0)),"") -> L01XD04 | I10: NA | J10: =IF(OR(LEFT(H10,3)="L01",LEFT(H10,3)="L02",LEFT(I10,3)="L01",LEFT(I10,3)="L02"),"Yes","No") -> Yes | K10: https://www.ema.europa.eu/en/documents/variation-report/ameluz-h-c-2204-ii-0039-g-epar-assessment-report-variation_en.pdf | L10: EMEA/H/C/002204/II/0039/G | M10: Extension of indication to include the treatment of mild to severe actinic keratosis on extremities, trunk and neck and of field cancerization in adults for Ameluz. | N10: No | O10: NA | P10: =IF(OR(J10="No",N10="No",O10="Yes",Q10<>"NA"),"No","Yes") -> No | Q10: Indications other than onco-hematology | R10: NA | S10: NA | T10: NA | U10: NA
A11: 43831 | B11: https://www.ema.europa.eu/en/news/meeting-highlights-committee-medicinal-products-human-use-chmp-27-30-january-2020 | C11: Extensions of indications | D11: MabThera | E11: =IFERROR(IF(VLOOKUP($D11,'Medicine outputs'!$B:$AM,6,0)=0,"",VLOOKUP($D11,'Medicine outputs'!$B:$AM,6,0)),"") -> rituximab | F11: =IFERROR(IF(VLOOKUP($D11,'Medicine outputs'!$B:$AM,8,0)=0,"",VLOOKUP($D11,'Medicine outputs'!$B:$AM,8,0)),"") -> Lymphoma, Non-Hodgkin;Arthritis, Rheumatoid;Leukemia, Lymphocytic, Chronic, B-Cell | G11: =IFERROR(IF(VLOOKUP($D11,'Medicine outputs'!$B:$AM,13,0)=0,"",VLOOKUP($D11,'Medicine outputs'!$B:$AM,13,0)),"") -> Antineoplastic agents | H11: =IFERROR(IF(VLOOKUP($D11,'Medicine outputs'!$B:$AM,11,0)=0,"",VLOOKUP($D11,'Medicine outputs'!$B:$AM,11,0)),"") -> L01XC02 | I11: NA | J11: =IF(OR(LEFT(H11,3)="L01",LEFT(H11,3)="L02",LEFT(I11,3)="L01",LEFT(I11,3)="L02"),"Yes","No") -> Yes | K11: https://www.ema.europa.eu/en/documents/variation-report/mabthera-h-c-165-ii-0162-epar-assessment-report-variation_en.pdf | L11: EMEA/H/C/000165/II/0162 | M11: MabThera, in combination with glucocorticoids, is indicated for the induction of remission in paediatric patients (aged ≥2 to <18 years old) with severe, active GPA (Wegener’s) and MPA. | N11: No | O11: NA | P11: =IF(OR(J11="No",N11="No",O11="Yes",Q11<>"NA"),"No","Yes") -> No | Q11: Indications other than onco-hematology | R11: NA | S11: NA | T11: NA | U11: NA
A12: 43831 | B12: https://www.ema.europa.eu/en/news/meeting-highlights-committee-medicinal-products-human-use-chmp-27-30-january-2020 | C12: Extensions of indications | D12: Rezolsta | E12: =IFERROR(IF(VLOOKUP($D12,'Medicine outputs'!$B:$AM,6,0)=0,"",VLOOKUP($D12,'Medicine outputs'!$B:$AM,6,0)),"") -> darunavir;cobicistat | F12: =IFERROR(IF(VLOOKUP($D12,'Medicine outputs'!$B:$AM,8,0)=0,"",VLOOKUP($D12,'Medicine outputs'!$B:$AM,8,0)),"") -> HIV Infections | G12: =IFERROR(IF(VLOOKUP($D12,'Medicine outputs'!$B:$AM,13,0)=0,"",VLOOKUP($D12,'Medicine outputs'!$B:$AM,13,0)),"") -> Antivirals for systemic use;Antivirals for treatment of HIV infections, combinations | H12: =IFERROR(IF(VLOOKUP($D12,'Medicine outputs'!$B:$AM,11,0)=0,"",VLOOKUP($D12,'Medicine outputs'!$B:$AM,11,0)),"") -> J05 | I12: NA | J12: =IF(OR(LEFT(H12,3)="L01",LEFT(H12,3)="L02",LEFT(I12,3)="L01",LEFT(I12,3)="L02"),"Yes","No") -> No | K12: NA | L12: NA | M12: NA | N12: NA | O12: NA | P12: =IF(OR(J12="No",N12="No",O12="Yes",Q12<>"NA"),"No","Yes") -> No | Q12: ATC code other than L01|L02 | R12: NA | S12: NA | T12: NA | U12: NA
A13: 43831 | B13: https://www.ema.europa.eu/en/news/meeting-highlights-committee-medicinal-products-human-use-chmp-27-30-january-2020 | C13: Extensions of indications | D13: Suliqua | E13: =IFERROR(IF(VLOOKUP($D13,'Medicine outputs'!$B:$AM,6,0)=0,"",VLOOKUP($D13,'Medicine outputs'!$B:$AM,6,0)),"") -> insulin glargine;lixisenatide | F13: =IFERROR(IF(VLOOKUP($D13,'Medicine outputs'!$B:$AM,8,0)=0,"",VLOOKUP($D13,'Medicine outputs'!$B:$AM,8,0)),"") -> Diabetes Mellitus, Type 2 | G13: =IFERROR(IF(VLOOKUP($D13,'Medicine outputs'!$B:$AM,13,0)=0,"",VLOOKUP($D13,'Medicine outputs'!$B:$AM,13,0)),"") -> Drugs used in diabetes | H13: =IFERROR(IF(VLOOKUP($D13,'Medicine outputs'!$B:$AM,11,0)=0,"",VLOOKUP($D13,'Medicine outputs'!$B:$AM,11,0)),"") -> A10AE54 | I13: NA | J13: =IF(OR(LEFT(H13,3)="L01",LEFT(H13,3)="L02",LEFT(I13,3)="L01",LEFT(I13,3)="L02"),"Yes","No") -> No | K13: NA | L13: NA | M13: NA | N13: NA | O13: NA | P13: =IF(OR(J13="No",N13="No",O13="Yes",Q13<>"NA"),"No","Yes") -> No | Q13: ATC code other than L01|L02 | R13: NA | S13: NA | T13: NA | U13: NA
A14: 43831 | B14: https://www.ema.europa.eu/en/news/meeting-highlights-committee-medicinal-products-human-use-chmp-27-30-january-2020 | C14: Extensions of indications | D14: Tybost | E14: =IFERROR(IF(VLOOKUP($D14,'Medicine outputs'!$B:$AM,6,0)=0,"",VLOOKUP($D14,'Medicine outputs'!$B:$AM,6,0)),"") -> cobicistat | F14: =IFERROR(IF(VLOOKUP($D14,'Medicine outputs'!$B:$AM,8,0)=0,"",VLOOKUP($D14,'Medicine outputs'!$B:$AM,8,0)),"") -> HIV Infections | G14: =IFERROR(IF(VLOOKUP($D14,'Medicine outputs'!$B:$AM,13,0)=0,"",VLOOKUP($D14,'Medicine outputs'!$B:$AM,13,0)),"") -> Antivirals for systemic use | H14: =IFERROR(IF(VLOOKUP($D14,'Medicine outputs'!$B:$AM,11,0)=0,"",VLOOKUP($D14,'Medicine outputs'!$B:$AM,11,0)),"") -> V03AX03 | I14: NA | J14: =IF(OR(LEFT(H14,3)="L01",LEFT(H14,3)="L02",LEFT(I14,3)="L01",LEFT(I14,3)="L02"),"Yes","No") -> No | K14: NA | L14: NA | M14: NA | N14: NA | O14: NA | P14: =IF(OR(J14="No",N14="No",O14="Yes",Q14<>"NA"),"No","Yes") -> No | Q14: ATC code other than L01|L02 | R14: NA | S14: NA | T14: NA | U14: NA
A15: 43831 | B15: https://www.ema.europa.eu/en/news/meeting-highlights-committee-medicinal-products-human-use-chmp-27-30-january-2020 | C15: Extensions of indications | D15: Venclyxto | E15: =IFERROR(IF(VLOOKUP($D15,'Medicine outputs'!$B:$AM,6,0)=0,"",VLOOKUP($D15,'Medicine outputs'!$B:$AM,6,0)),"") -> venetoclax | F15: =IFERROR(IF(VLOOKUP($D15,'Medicine outputs'!$B:$AM,8,0)=0,"",VLOOKUP($D15,'Medicine outputs'!$B:$AM,8,0)),"") -> Leukemia, Lymphocytic, Chronic, B-Cell | G15: =IFERROR(IF(VLOOKUP($D15,'Medicine outputs'!$B:$AM,13,0)=0,"",VLOOKUP($D15,'Medicine outputs'!$B:$AM,13,0)),"") -> Antineoplastic agents | H15: =IFERROR(IF(VLOOKUP($D15,'Medicine outputs'!$B:$AM,11,0)=0,"",VLOOKUP($D15,'Medicine outputs'!$B:$AM,11,0)),"") -> L01XX52 | I15: NA | J15: =IF(OR(LEFT(H15,3)="L01",LEFT(H15,3)="L02",LEFT(I15,3)="L01",LEFT(I15,3)="L02"),"Yes","No") -> Yes | K15: https://www.ema.europa.eu/en/documents/variation-report/venclyxto-h-c-4106-ii-0023-g-epar-assessment-report-variation_en.pdf | L15: EMEA/H/C/004106/II/0023/G | M15: Venclyxto in combination with obinutuzumab is indicated for the treatment of adult patients with previously untreated chronic lymphocytic leukaemia | N15: Yes | O15: No | P15: =IF(OR(J15="No",N15="No",O15="Yes",Q15<>"NA"),"No","Yes") -> Yes | Q15: NA | R15: 1 | S15: BO25323/CLL14 | T15: NCT02242942 | U15: NA
A16: 43862 | B16: https://www.ema.europa.eu/en/news/meeting-highlights-committee-medicinal-products-human-use-chmp-24-27-february-2020 | C16: New medicines | D16: Fetcroja | E16: =IFERROR(IF(VLOOKUP($D16,'Medicine outputs'!$B:$AM,6,0)=0,"",VLOOKUP($D16,'Medicine outputs'!$B:$AM,6,0)),"") -> cefiderocol | F16: =IFERROR(IF(VLOOKUP($D16,'Medicine outputs'!$B:$AM,8,0)=0,"",VLOOKUP($D16,'Medicine outputs'!$B:$AM,8,0)),"") -> Gram-Negative Bacterial Infections | G16: =IFERROR(IF(VLOOKUP($D16,'Medicine outputs'!$B:$AM,13,0)=0,"",VLOOKUP($D16,'Medicine outputs'!$B:$AM,13,0)),"") -> Antibacterials for systemic use | H16: =IFERROR(IF(VLOOKUP($D16,'Medicine outputs'!$B:$AM,11,0)=0,"",VLOOKUP($D16,'Medicine outputs'!$B:$AM,11,0)),"") -> J01D | I16: NA | J16: =IF(OR(LEFT(H16,3)="L01",LEFT(H16,3)="L02",LEFT(I16,3)="L01",LEFT(I16,3)="L02"),"Yes","No") -> No | K16: NA | L16: NA | M16: NA | N16: NA | O16: NA | P16: =IF(OR(J16="No",N16="No",O16="Yes",Q16<>"NA"),"No","Yes") -> No | Q16: ATC code other than L01|L02 | R16: NA | S16: NA | T16: NA | U16: NA
A17: 43862 | B17: https://www.ema.europa.eu/en/news/meeting-highlights-committee-medicinal-products-human-use-chmp-24-27-february-2020 | C17: Extensions of indications | D17: Alunbrig | E17: =IFERROR(IF(VLOOKUP($D17,'Medicine outputs'!$B:$AM,6,0)=0,"",VLOOKUP($D17,'Medicine outputs'!$B:$AM,6,0)),"") -> brigatinib | F17: =IFERROR(IF(VLOOKUP($D17,'Medicine outputs'!$B:$AM,8,0)=0,"",VLOOKUP($D17,'Medicine outputs'!$B:$AM,8,0)),"") -> Carcinoma, Non-Small-Cell Lung | G17: =IFERROR(IF(VLOOKUP($D17,'Medicine outputs'!$B:$AM,13,0)=0,"",VLOOKUP($D17,'Medicine outputs'!$B:$AM,13,0)),"") -> Antineoplastic agents | H17: =IFERROR(IF(VLOOKUP($D17,'Medicine outputs'!$B:$AM,11,0)=0,"",VLOOKUP($D17,'Medicine outputs'!$B:$AM,11,0)),"") -> L01XE43 | I17: NA | J17: =IF(OR(LEFT(H17,3)="L01",LEFT(H17,3)="L02",LEFT(I17,3)="L01",LEFT(I17,3)="L02"),"Yes","No") -> Yes | K17: https://www.ema.europa.eu/en/documents/variation-report/alunbrig-h-c-4248-ii-0003-epar-assessment-report-variation_en.pdf | L17: EMEA/H/C/004248/II/0003 | M17: Alunbrig is indicated as monotherapy for the treatment of adult patients with anaplastic lymphoma kinase (ALK) positive advanced non small cell lung cancer (NSCLC) previously not treated with an ALK inhibitor. | N17: Yes | O17: No | P17: =IF(OR(J17="No",N17="No",O17="Yes",Q17<>"NA"),"No","Yes") -> Yes | Q17: NA | R17: 1 | S17: AP26113-13-301 | T17: NCT02737501 | U17: NA
A18: 43862 | B18: https://www.ema.europa.eu/en/news/meeting-highlights-committee-medicinal-products-human-use-chmp-24-27-february-2020 | C18: Extensions of indications | D18: Ofev | E18: =IFERROR(IF(VLOOKUP($D18,'Medicine outputs'!$B:$AM,6,0)=0,"",VLOOKUP($D18,'Medicine outputs'!$B:$AM,6,0)),"") -> nintedanib | F18: =IFERROR(IF(VLOOKUP($D18,'Medicine outputs'!$B:$AM,8,0)=0,"",VLOOKUP($D18,'Medicine outputs'!$B:$AM,8,0)),"") -> Idiopathic Pulmonary Fibrosis | G18: =IFERROR(IF(VLOOKUP($D18,'Medicine outputs'!$B:$AM,13,0)=0,"",VLOOKUP($D18,'Medicine outputs'!$B:$AM,13,0)),"") -> Antineoplastic agents | H18: =IFERROR(IF(VLOOKUP($D18,'Medicine outputs'!$B:$AM,11,0)=0,"",VLOOKUP($D18,'Medicine outputs'!$B:$AM,11,0)),"") -> L01EX09 | I18: NA | J18: =IF(OR(LEFT(H18,3)="L01",LEFT(H18,3)="L02",LEFT(I18,3)="L01",LEFT(I18,3)="L02"),"Yes","No") -> Yes | K18: https://www.ema.europa.eu/en/documents/variation-report/ofev-h-c-003821-ii-0026-epar-assessment-report-variation_en.pdf | L18: EMEA/H/C/003821/II/0026 | M18: Extension of Indication to include new indication for OFEV for the treatment of Systemic Sclerosis associated Interstitial Lung Disease | N18: No | O18: NA | P18: =IF(OR(J18="No",N18="No",O18="Yes",Q18<>"NA"),"No","Yes") -> No | Q18: Indications other than onco-hematology | R18: NA | S18: NA | T18: NA | U18: NA
A19: 43862 | B19: https://www.ema.europa.eu/en/news/meeting-highlights-committee-medicinal-products-human-use-chmp-24-27-february-2020 | C19: Extensions of indications | D19: Otezla | E19: =IFERROR(IF(VLOOKUP($D19,'Medicine outputs'!$B:$AM,6,0)=0,"",VLOOKUP($D19,'Medicine outputs'!$B:$AM,6,0)),"") -> apremilast | F19: =IFERROR(IF(VLOOKUP($D19,'Medicine outputs'!$B:$AM,8,0)=0,"",VLOOKUP($D19,'Medicine outputs'!$B:$AM,8,0)),"") -> Arthritis, Psoriatic;Psoriasis;Behcet Syndrome | G19: =IFERROR(IF(VLOOKUP($D19,'Medicine outputs'!$B:$AM,13,0)=0,"",VLOOKUP($D19,'Medicine outputs'!$B:$AM,13,0)),"") -> Immunosuppressants | H19: =IFERROR(IF(VLOOKUP($D19,'Medicine outputs'!$B:$AM,11,0)=0,"",VLOOKUP($D19,'Medicine outputs'!$B:$AM,11,0)),"") -> L04AA32 | I19: NA | J19: =IF(OR(LEFT(H19,3)="L01",LEFT(H19,3)="L02",LEFT(I19,3)="L01",LEFT(I19,3)="L02"),"Yes","No") -> No | K19: NA | L19: NA | M19: NA | N19: NA | O19: NA | P19: =IF(OR(J19="No",N19="No",O19="Yes",Q19<>"NA"),"No","Yes") -> No | Q19: ATC code other than L01|L02 | R19: NA | S19: NA | T19: NA | U19: NA
A20: 43891 | B20: https://www.ema.europa.eu/en/news/meeting-highlights-committee-medicinal-products-human-use-chmp-23-26-march-2020-updated | C20: New medicines | D20: Atectura Breezhaler | E20: =IFERROR(IF(VLOOKUP($D20,'Medicine outputs'!$B:$AM,6,0)=0,"",VLOOKUP($D20,'Medicine outputs'!$B:$AM,6,0)),"") -> indacaterol;mometasone | F20: =IFERROR(IF(VLOOKUP($D20,'Medicine outputs'!$B:$AM,8,0)=0,"",VLOOKUP($D20,'Medicine outputs'!$B:$AM,8,0)),"") -> Asthma | G20: =IFERROR(IF(VLOOKUP($D20,'Medicine outputs'!$B:$AM,13,0)=0,"",VLOOKUP($D20,'Medicine outputs'!$B:$AM,13,0)),"") -> Drugs for obstructive airway diseases | H20: =IFERROR(IF(VLOOKUP($D20,'Medicine outputs'!$B:$AM,11,0)=0,"",VLOOKUP($D20,'Medicine outputs'!$B:$AM,11,0)),"") -> R03AK | I20: NA | J20: =IF(OR(LEFT(H20,3)="L01",LEFT(H20,3)="L02",LEFT(I20,3)="L01",LEFT(I20,3)="L02"),"Yes","No") -> No | K20: NA | L20: NA | M20: NA | N20: NA | O20: NA | P20: =IF(OR(J20="No",N20="No",O20="Yes",Q20<>"NA"),"No","Yes") -> No | Q20: ATC code other than L01|L02 | R20: NA | S20: NA | T20: NA | U20: NA
A21: 43891 | B21: https://www.ema.europa.eu/en/news/meeting-highlights-committee-medicinal-products-human-use-chmp-23-26-march-2020-updated | C21: New medicines | D21: Bemrist Breezhaler | E21: =IFERROR(IF(VLOOKUP($D21,'Medicine outputs'!$B:$AM,6,0)=0,"",VLOOKUP($D21,'Medicine outputs'!$B:$AM,6,0)),"") -> indacaterol;mometasone | F21: =IFERROR(IF(VLOOKUP($D21,'Medicine outputs'!$B:$AM,8,0)=0,"",VLOOKUP($D21,'Medicine outputs'!$B:$AM,8,0)),"") -> Asthma | G21: =IFERROR(IF(VLOOKUP($D21,'Medicine outputs'!$B:$AM,13,0)=0,"",VLOOKUP($D21,'Medicine outputs'!$B:$AM,13,0)),"") -> Drugs for obstructive airway diseases | H21: =IFERROR(IF(VLOOKUP($D21,'Medicine outputs'!$B:$AM,11,0)=0,"",VLOOKUP($D21,'Medicine outputs'!$B:$AM,11,0)),"") -> R03AK | I21: NA | J21: =IF(OR(LEFT(H21,3)="L01",LEFT(H21,3)="L02",LEFT(I21,3)="L01",LEFT(I21,3)="L02"),"Yes","No") -> No | K21: NA | L21: NA | M21: NA | N21: NA | O21: NA | P21: =IF(OR(J21="No",N21="No",O21="Yes",Q21<>"NA"),"No","Yes") -> No | Q21: ATC code other than L01|L02 | R21: NA | S21: NA | T21: NA | U21: NA
A22: 43891 | B22: https://www.ema.europa.eu/en/news/meeting-highlights-committee-medicinal-products-human-use-chmp-23-26-march-2020-updated | C22: New medicines | D22: Dovprela (previously Pretomanid FGK) | E22: =IFERROR(IF(VLOOKUP($D22,'Medicine outputs'!$B:$AM,6,0)=0,"",VLOOKUP($D22,'Medicine outputs'!$B:$AM,6,0)),"") -> pretomanid | F22: =IFERROR(IF(VLOOKUP($D22,'Medicine outputs'!$B:$AM,8,0)=0,"",VLOOKUP($D22,'Medicine outputs'!$B:$AM,8,0)),"") -> Tuberculosis, Multidrug-Resistant | G22: =IFERROR(IF(VLOOKUP($D22,'Medicine outputs'!$B:$AM,13,0)=0,"",VLOOKUP($D22,'Medicine outputs'!$B:$AM,13,0)),"") -> Antimycobacterials | H22: =IFERROR(IF(VLOOKUP($D22,'Medicine outputs'!$B:$AM,11,0)=0,"",VLOOKUP($D22,'Medicine outputs'!$B:$AM,11,0)),"") -> J04 | I22: NA | J22: =IF(OR(LEFT(H22,3)="L01",LEFT(H22,3)="L02",LEFT(I22,3)="L01",LEFT(I22,3)="L02"),"Yes","No") -> No | K22: NA | L22: NA | M22: NA | N22: NA | O22: NA | P22: =IF(OR(J22="No",N22="No",O22="Yes",Q22<>"NA"),"No","Yes") -> No | Q22: ATC code other than L01|L02 | R22: NA | S22: NA | T22: NA | U22: NA
A23: 43891 | B23: https://www.ema.europa.eu/en/news/meeting-highlights-committee-medicinal-products-human-use-chmp-23-26-march-2020-updated | C23: New medicines | D23: Fluad Tetra | E23: =IFERROR(IF(VLOOKUP($D23,'Medicine outputs'!$B:$AM,6,0)=0,"",VLOOKUP($D23,'Medicine outputs'!$B:$AM,6,0)),"") -> influenza vaccine (surface antigen, inactivated, adjuvanted) | F23: =IFERROR(IF(VLOOKUP($D23,'Medicine outputs'!$B:$AM,8,0)=0,"",VLOOKUP($D23,'Medicine outputs'!$B:$AM,8,0)),"") -> Influenza, Human | G23: =IFERROR(IF(VLOOKUP($D23,'Medicine outputs'!$B:$AM,13,0)=0,"",VLOOKUP($D23,'Medicine outputs'!$B:$AM,13,0)),"") -> Vaccines | H23: =IFERROR(IF(VLOOKUP($D23,'Medicine outputs'!$B:$AM,11,0)=0,"",VLOOKUP($D23,'Medicine outputs'!$B:$AM,11,0)),"") -> J07BB02 | I23: NA | J23: =IF(OR(LEFT(H23,3)="L01",LEFT(H23,3)="L02",LEFT(I23,3)="L01",LEFT(I23,3)="L02"),"Yes","No") -> No | K23: NA | L23: NA | M23: NA | N23: NA | O23: NA | P23: =IF(OR(J23="No",N23="No",O23="Yes",Q23<>"NA"),"No","Yes") -> No | Q23: ATC code other than L01|L02 | R23: NA | S23: NA | T23: NA | U23: NA
A24: 43891 | B24: https://www.ema.europa.eu/en/news/meeting-highlights-committee-medicinal-products-human-use-chmp-23-26-march-2020-updated | C24: New medicines | D24: Sarclisa | E24: =IFERROR(IF(VLOOKUP($D24,'Medicine outputs'!$B:$AM,6,0)=0,"",VLOOKUP($D24,'Medicine outputs'!$B:$AM,6,0)),"") -> isatuximab | F24: =IFERROR(IF(VLOOKUP($D24,'Medicine outputs'!$B:$AM,8,0)=0,"",VLOOKUP($D24,'Medicine outputs'!$B:$AM,8,0)),"") -> Multiple Myeloma | G24: =IFERROR(IF(VLOOKUP($D24,'Medicine outputs'!$B:$AM,13,0)=0,"",VLOOKUP($D24,'Medicine outputs'!$B:$AM,13,0)),"") -> Antineoplastic agents | H24: =IFERROR(IF(VLOOKUP($D24,'Medicine outputs'!$B:$AM,11,0)=0,"",VLOOKUP($D24,'Medicine outputs'!$B:$AM,11,0)),"") -> L01XC38 | I24: NA | J24: =IF(OR(LEFT(H24,3)="L01",LEFT(H24,3)="L02",LEFT(I24,3)="L01",LEFT(I24,3)="L02"),"Yes","No") -> Yes | K24: https://www.ema.europa.eu/en/documents/assessment-report/sarclisa-epar-public-assessment-report_en.pdf | L24: EMEA/H/C/004977/0000 | M24: Sarclisa is indicated, in combination with pomalidomide and dexamethasone, for the treatment of adult patients with relapsed and refractory multiple myeloma (MM) who have received at least two prior therapies including lenalidomide and a proteasome inhibitor (PI) and have demonstrated disease progression on the last therapy. | N24: Yes | O24: No | P24: =IF(OR(J24="No",N24="No",O24="Yes",Q24<>"NA"),"No","Yes") -> Yes | Q24: NA | R24: 1 | S24: EFC14335/ICARIA | T24: NCT02990338 | U24: NA
A25: 43891 | B25: https://www.ema.europa.eu/en/news/meeting-highlights-committee-medicinal-products-human-use-chmp-23-26-march-2020-updated | C25: New medicines | D25: Zeposia | E25: =IFERROR(IF(VLOOKUP($D25,'Medicine outputs'!$B:$AM,6,0)=0,"",VLOOKUP($D25,'Medicine outputs'!$B:$AM,6,0)),"") -> ozanimod | F25: =IFERROR(IF(VLOOKUP($D25,'Medicine outputs'!$B:$AM,8,0)=0,"",VLOOKUP($D25,'Medicine outputs'!$B:$AM,8,0)),"") -> Multiple Sclerosis, Relapsing-Remitting;Colitis, Ulcerative | G25: =IFERROR(IF(VLOOKUP($D25,'Medicine outputs'!$B:$AM,13,0)=0,"",VLOOKUP($D25,'Medicine outputs'!$B:$AM,13,0)),"") -> Immunosuppressants | H25: =IFERROR(IF(VLOOKUP($D25,'Medicine outputs'!$B:$AM,11,0)=0,"",VLOOKUP($D25,'Medicine outputs'!$B:$AM,11,0)),"") -> L04AA38 | I25: NA | J25: =IF(OR(LEFT(H25,3)="L01",LEFT(H25,3)="L02",LEFT(I25,3)="L01",LEFT(I25,3)="L02"),"Yes","No") -> No | K25: NA | L25: NA | M25: NA | N25: NA | O25: NA | P25: =IF(OR(J25="No",N25="No",O25="Yes",Q25<>"NA"),"No","Yes") -> No | Q25: ATC code other than L01|L02 | R25: NA | S25: NA | T25: NA | U25: NA
A26: 43891 | B26: https://www.ema.europa.eu/en/news/meeting-highlights-committee-medicinal-products-human-use-chmp-23-26-march-2020-updated | C26: New medicines | D26: Zolgensma | E26: =IFERROR(IF(VLOOKUP($D26,'Medicine outputs'!$B:$AM,6,0)=0,"",VLOOKUP($D26,'Medicine outputs'!$B:$AM,6,0)),"") -> onasemnogene abeparvovec | F26: =IFERROR(IF(VLOOKUP($D26,'Medicine outputs'!$B:$AM,8,0)=0,"",VLOOKUP($D26,'Medicine outputs'!$B:$AM,8,0)),"") -> Muscular Atrophy, Spinal | G26: =IFERROR(IF(VLOOKUP($D26,'Medicine outputs'!$B:$AM,13,0)=0,"",VLOOKUP($D26,'Medicine outputs'!$B:$AM,13,0)),"") -> Other drugs for disorders of the musculo-skeletal system | H26: =IFERROR(IF(VLOOKUP($D26,'Medicine outputs'!$B:$AM,11,0)=0,"",VLOOKUP($D26,'Medicine outputs'!$B:$AM,11,0)),"") -> M09AX09 | I26: NA | J26: =IF(OR(LEFT(H26,3)="L01",LEFT(H26,3)="L02",LEFT(I26,3)="L01",LEFT(I26,3)="L02"),"Yes","No") -> No | K26: NA | L26: NA | M26: NA | N26: NA | O26: NA | P26: =IF(OR(J26="No",N26="No",O26="Yes",Q26<>"NA"),"No","Yes") -> No | Q26: ATC code other than L01|L02 | R26: NA | S26: NA | T26: NA | U26: NA
A27: 43891 | B27: https://www.ema.europa.eu/en/news/meeting-highlights-committee-medicinal-products-human-use-chmp-23-26-march-2020-updated | C27: Extensions of indications | D27: Adcetris | E27: =IFERROR(IF(VLOOKUP($D27,'Medicine outputs'!$B:$AM,6,0)=0,"",VLOOKUP($D27,'Medicine outputs'!$B:$AM,6,0)),"") -> brentuximab vedotin | F27: =IFERROR(IF(VLOOKUP($D27,'Medicine outputs'!$B:$AM,8,0)=0,"",VLOOKUP($D27,'Medicine outputs'!$B:$AM,8,0)),"") -> Lymphoma, Non-Hodgkin;Hodgkin Disease | G27: =IFERROR(IF(VLOOKUP($D27,'Medicine outputs'!$B:$AM,13,0)=0,"",VLOOKUP($D27,'Medicine outputs'!$B:$AM,13,0)),"") -> Antineoplastic agents | H27: =IFERROR(IF(VLOOKUP($D27,'Medicine outputs'!$B:$AM,11,0)=0,"",VLOOKUP($D27,'Medicine outputs'!$B:$AM,11,0)),"") -> L01XC12 | I27: NA | J27: =IF(OR(LEFT(H27,3)="L01",LEFT(H27,3)="L02",LEFT(I27,3)="L01",LEFT(I27,3)="L02"),"Yes","No") -> Yes | K27: https://www.ema.europa.eu/en/documents/variation-report/adcetris-h-c-002455-ii-0070-epar-assessment-report-variation_en.pdf | L27: EMEA/H/C/002455/II/0070 | M27: Extension of indications to include in combination with cyclophosphamide, doxorubicin, and prednisone | N27: Yes | O27: No | P27: =IF(OR(J27="No",N27="No",O27="Yes",Q27<>"NA"),"No","Yes") -> Yes | Q27: NA | R27: 1 | S27: ECHELON-2 (SGN35-014) | T27: NCT01777152 | U27: NA
A28: 43891 | B28: https://www.ema.europa.eu/en/news/meeting-highlights-committee-medicinal-products-human-use-chmp-23-26-march-2020-updated | C28: Extensions of indications | D28: Cosentyx | E28: =IFERROR(IF(VLOOKUP($D28,'Medicine outputs'!$B:$AM,6,0)=0,"",VLOOKUP($D28,'Medicine outputs'!$B:$AM,6,0)),"") -> secukinumab | F28: =IFERROR(IF(VLOOKUP($D28,'Medicine outputs'!$B:$AM,8,0)=0,"",VLOOKUP($D28,'Medicine outputs'!$B:$AM,8,0)),"") -> Arthritis, Psoriatic;Psoriasis;Spondylitis, Ankylosing | G28: =IFERROR(IF(VLOOKUP($D28,'Medicine outputs'!$B:$AM,13,0)=0,"",VLOOKUP($D28,'Medicine outputs'!$B:$AM,13,0)),"") -> Immunosuppressants | H28: =IFERROR(IF(VLOOKUP($D28,'Medicine outputs'!$B:$AM,11,0)=0,"",VLOOKUP($D28,'Medicine outputs'!$B:$AM,11,0)),"") -> L04AC10 | I28: NA | J28: =IF(OR(LEFT(H28,3)="L01",LEFT(H28,3)="L02",LEFT(I28,3)="L01",LEFT(I28,3)="L02"),"Yes","No") -> No | K28: NA | L28: NA | M28: NA | N28: NA | O28: NA | P28: =IF(OR(J28="No",N28="No",O28="Yes",Q28<>"NA"),"No","Yes") -> No | Q28: ATC code other than L01|L02 | R28: NA | S28: NA | T28: NA | U28: NA
A29: 43891 | B29: https://www.ema.europa.eu/en/news/meeting-highlights-committee-medicinal-products-human-use-chmp-23-26-march-2020-updated | C29: Extensions of indications | D29: Intelence | E29: =IFERROR(IF(VLOOKUP($D29,'Medicine outputs'!$B:$AM,6,0)=0,"",VLOOKUP($D29,'Medicine outputs'!$B:$AM,6,0)),"") -> etravirine | F29: =IFERROR(IF(VLOOKUP($D29,'Medicine outputs'!$B:$AM,8,0)=0,"",VLOOKUP($D29,'Medicine outputs'!$B:$AM,8,0)),"") -> HIV Infections | G29: =IFERROR(IF(VLOOKUP($D29,'Medicine outputs'!$B:$AM,13,0)=0,"",VLOOKUP($D29,'Medicine outputs'!$B:$AM,13,0)),"") -> Non-nucleoside reverse transcriptase inhibitors;Antivirals for systemic use | H29: =IFERROR(IF(VLOOKUP($D29,'Medicine outputs'!$B:$AM,11,0)=0,"",VLOOKUP($D29,'Medicine outputs'!$B:$AM,11,0)),"") -> J05AG04 | I29: NA | J29: =IF(OR(LEFT(H29,3)="L01",LEFT(H29,3)="L02",LEFT(I29,3)="L01",LEFT(I29,3)="L02"),"Yes","No") -> No | K29: NA | L29: NA | M29: NA | N29: NA | O29: NA | P29: =IF(OR(J29="No",N29="No",O29="Yes",Q29<>"NA"),"No","Yes") -> No | Q29: ATC code other than L01|L02 | R29: NA | S29: NA | T29: NA | U29: NA
A30: 43891 | B30: https://www.ema.europa.eu/en/news/meeting-highlights-committee-medicinal-products-human-use-chmp-23-26-march-2020-updated | C30: Extensions of indications | D30: Jorveza | E30: =IFERROR(IF(VLOOKUP($D30,'Medicine outputs'!$B:$AM,6,0)=0,"",VLOOKUP($D30,'Medicine outputs'!$B:$AM,6,0)),"") -> budesonide | F30: =IFERROR(IF(VLOOKUP($D30,'Medicine outputs'!$B:$AM,8,0)=0,"",VLOOKUP($D30,'Medicine outputs'!$B:$AM,8,0)),"") -> Esophageal Diseases | G30: =IFERROR(IF(VLOOKUP($D30,'Medicine outputs'!$B:$AM,13,0)=0,"",VLOOKUP($D30,'Medicine outputs'!$B:$AM,13,0)),"") -> Antidiarrheals, intestinal antiinflammatory / antiinfective agents | H30: =IFERROR(IF(VLOOKUP($D30,'Medicine outputs'!$B:$AM,11,0)=0,"",VLOOKUP($D30,'Medicine outputs'!$B:$AM,11,0)),"") -> A07EA06 | I30: NA | J30: =IF(OR(LEFT(H30,3)="L01",LEFT(H30,3)="L02",LEFT(I30,3)="L01",LEFT(I30,3)="L02"),"Yes","No") -> No | K30: NA | L30: NA | M30: NA | N30: NA | O30: NA | P30: =IF(OR(J30="No",N30="No",O30="Yes",Q30<>"NA"),"No","Yes") -> No | Q30: ATC code other than L01|L02 | R30: NA | S30: NA | T30: NA | U30: NA
A31: 43891 | B31: https://www.ema.europa.eu/en/news/meeting-highlights-committee-medicinal-products-human-use-chmp-23-26-march-2020-updated | C31: Extensions of indications | D31: Kineret | E31: =IFERROR(IF(VLOOKUP($D31,'Medicine outputs'!$B:$AM,6,0)=0,"",VLOOKUP($D31,'Medicine outputs'!$B:$AM,6,0)),"") -> anakinra | F31: =IFERROR(IF(VLOOKUP($D31,'Medicine outputs'!$B:$AM,8,0)=0,"",VLOOKUP($D31,'Medicine outputs'!$B:$AM,8,0)),"") -> Arthritis, Rheumatoid;COVID-19 virus infection | G31: =IFERROR(IF(VLOOKUP($D31,'Medicine outputs'!$B:$AM,13,0)=0,"",VLOOKUP($D31,'Medicine outputs'!$B:$AM,13,0)),"") -> Immunosuppressants | H31: =IFERROR(IF(VLOOKUP($D31,'Medicine outputs'!$B:$AM,11,0)=0,"",VLOOKUP($D31,'Medicine outputs'!$B:$AM,11,0)),"") -> L04AC03 | I31: NA | J31: =IF(OR(LEFT(H31,3)="L01",LEFT(H31,3)="L02",LEFT(I31,3)="L01",LEFT(I31,3)="L02"),"Yes","No") -> No | K31: NA | L31: NA | M31: NA | N31: NA | O31: NA | P31: =IF(OR(J31="No",N31="No",O31="Yes",Q31<>"NA"),"No","Yes") -> No | Q31: ATC code other than L01|L02 | R31: NA | S31: NA | T31: NA | U31: NA
A32: 43891 | B32: https://www.ema.europa.eu/en/news/meeting-highlights-committee-medicinal-products-human-use-chmp-23-26-march-2020-updated | C32: Extensions of indications | D32: Ruconest | E32: =IFERROR(IF(VLOOKUP($D32,'Medicine outputs'!$B:$AM,6,0)=0,"",VLOOKUP($D32,'Medicine outputs'!$B:$AM,6,0)),"") -> conestat alfa | F32: =IFERROR(IF(VLOOKUP($D32,'Medicine outputs'!$B:$AM,8,0)=0,"",VLOOKUP($D32,'Medicine outputs'!$B:$AM,8,0)),"") -> Angioedemas, Hereditary | G32: =IFERROR(IF(VLOOKUP($D32,'Medicine outputs'!$B:$AM,13,0)=0,"",VLOOKUP($D32,'Medicine outputs'!$B:$AM,13,0)),"") -> Drugs used in hereditary angioedema;Other hematological agents | H32: =IFERROR(IF(VLOOKUP($D32,'Medicine outputs'!$B:$AM,11,0)=0,"",VLOOKUP($D32,'Medicine outputs'!$B:$AM,11,0)),"") -> B06AC04 | I32: NA | J32: =IF(OR(LEFT(H32,3)="L01",LEFT(H32,3)="L02",LEFT(I32,3)="L01",LEFT(I32,3)="L02"),"Yes","No") -> No | K32: NA | L32: NA | M32: NA | N32: NA | O32: NA | P32: =IF(OR(J32="No",N32="No",O32="Yes",Q32<>"NA"),"No","Yes") -> No | Q32: ATC code other than L01|L02 | R32: NA | S32: NA | T32: NA | U32: NA
A33: 43922 | B33: https://www.ema.europa.eu/en/news/meeting-highlights-committee-medicinal-products-human-use-chmp-28-30-april-2020 | C33: New medicines | D33: Daurismo | E33: =IFERROR(IF(VLOOKUP($D33,'Medicine outputs'!$B:$AM,6,0)=0,"",VLOOKUP($D33,'Medicine outputs'!$B:$AM,6,0)),"") -> glasdegib | F33: =IFERROR(IF(VLOOKUP($D33,'Medicine outputs'!$B:$AM,8,0)=0,"",VLOOKUP($D33,'Medicine outputs'!$B:$AM,8,0)),"") -> Leukemia, Myeloid, Acute | G33: =IFERROR(IF(VLOOKUP($D33,'Medicine outputs'!$B:$AM,13,0)=0,"",VLOOKUP($D33,'Medicine outputs'!$B:$AM,13,0)),"") -> Antineoplastic agents | H33: =IFERROR(IF(VLOOKUP($D33,'Medicine outputs'!$B:$AM,11,0)=0,"",VLOOKUP($D33,'Medicine outputs'!$B:$AM,11,0)),"") -> L01XX63 | I33: NA | J33: =IF(OR(LEFT(H33,3)="L01",LEFT(H33,3)="L02",LEFT(I33,3)="L01",LEFT(I33,3)="L02"),"Yes","No") -> Yes | K33: https://www.ema.europa.eu/en/documents/assessment-report/daurismo-epar-public-assessment-report_en.pdf | L33: EMEA/H/C/004878/0000 | M33: Daurismo is indicated, in combination with low-dose cytarabine, for the treatment of newly diagnosed de novo or secondary acute myeloid leukaemia (AML) in adult patients who are not candidates for standard induction chemotherapy | N33: Yes | O33: No | P33: =IF(OR(J33="No",N33="No",O33="Yes",Q33<>"NA"),"No","Yes") -> Yes | Q33: NA | R33: 1 | S33: B1371003 | T33: NCT01546038 | U33: NA
A34: 43922 | B34: https://www.ema.europa.eu/en/news/meeting-highlights-committee-medicinal-products-human-use-chmp-28-30-april-2020 | C34: New medicines | D34: Enerzair Breezhaler | E34: =IFERROR(IF(VLOOKUP($D34,'Medicine outputs'!$B:$AM,6,0)=0,"",VLOOKUP($D34,'Medicine outputs'!$B:$AM,6,0)),"") -> indacaterol;glycopyrronium bromide;mometasone | F34: =IFERROR(IF(VLOOKUP($D34,'Medicine outputs'!$B:$AM,8,0)=0,"",VLOOKUP($D34,'Medicine outputs'!$B:$AM,8,0)),"") -> Asthma | G34: =IFERROR(IF(VLOOKUP($D34,'Medicine outputs'!$B:$AM,13,0)=0,"",VLOOKUP($D34,'Medicine outputs'!$B:$AM,13,0)),"") -> Drugs for obstructive airway diseases | H34: =IFERROR(IF(VLOOKUP($D34,'Medicine outputs'!$B:$AM,11,0)=0,"",VLOOKUP($D34,'Medicine outputs'!$B:$AM,11,0)),"") -> R03AL | I34: NA | J34: =IF(OR(LEFT(H34,3)="L01",LEFT(H34,3)="L02",LEFT(I34,3)="L01",LEFT(I34,3)="L02"),"Yes","No") -> No | K34: NA | L34: NA | M34: NA | N34: NA | O34: NA | P34: =IF(OR(J34="No",N34="No",O34="Yes",Q34<>"NA"),"No","Yes") -> No | Q34: ATC code other than L01|L02 | R34: NA | S34: NA | T34: NA | U34: NA
A35: 43922 | B35: https://www.ema.europa.eu/en/news/meeting-highlights-committee-medicinal-products-human-use-chmp-28-30-april-2020 | C35: New medicines | D35: Reblozyl | E35: =IFERROR(IF(VLOOKUP($D35,'Medicine outputs'!$B:$AM,6,0)=0,"",VLOOKUP($D35,'Medicine outputs'!$B:$AM,6,0)),"") -> luspatercept | F35: =IFERROR(IF(VLOOKUP($D35,'Medicine outputs'!$B:$AM,8,0)=0,"",VLOOKUP($D35,'Medicine outputs'!$B:$AM,8,0)),"") -> Anemia;Myelodysplastic Syndromes;beta-Thalassemia | G35: =IFERROR(IF(VLOOKUP($D35,'Medicine outputs'!$B:$AM,13,0)=0,"",VLOOKUP($D35,'Medicine outputs'!$B:$AM,13,0)),"") -> Other antianemic preparations | H35: =IFERROR(IF(VLOOKUP($D35,'Medicine outputs'!$B:$AM,11,0)=0,"",VLOOKUP($D35,'Medicine outputs'!$B:$AM,11,0)),"") -> B03XA06 | I35: NA | J35: =IF(OR(LEFT(H35,3)="L01",LEFT(H35,3)="L02",LEFT(I35,3)="L01",LEFT(I35,3)="L02"),"Yes","No") -> No | K35: NA | L35: NA | M35: NA | N35: NA | O35: NA | P35: =IF(OR(J35="No",N35="No",O35="Yes",Q35<>"NA"),"No","Yes") -> No | Q35: ATC code other than L01|L02 | R35: NA | S35: NA | T35: NA | U35: NA
A36: 43922 | B36: https://www.ema.europa.eu/en/news/meeting-highlights-committee-medicinal-products-human-use-chmp-28-30-april-2020 | C36: New medicines | D36: Zimbus Breezhaler | E36: =IFERROR(IF(VLOOKUP($D36,'Medicine outputs'!$B:$AM,6,0)=0,"",VLOOKUP($D36,'Medicine outputs'!$B:$AM,6,0)),"") -> indacaterol;glycopyrronium;mometasone furoate | F36: =IFERROR(IF(VLOOKUP($D36,'Medicine outputs'!$B:$AM,8,0)=0,"",VLOOKUP($D36,'Medicine outputs'!$B:$AM,8,0)),"") -> Asthma | G36: =IFERROR(IF(VLOOKUP($D36,'Medicine outputs'!$B:$AM,13,0)=0,"",VLOOKUP($D36,'Medicine outputs'!$B:$AM,13,0)),"") -> Drugs for obstructive airway diseases | H36: =IFERROR(IF(VLOOKUP($D36,'Medicine outputs'!$B:$AM,11,0)=0,"",VLOOKUP($D36,'Medicine outputs'!$B:$AM,11,0)),"") -> R03AL | I36: NA | J36: =IF(OR(LEFT(H36,3)="L01",LEFT(H36,3)="L02",LEFT(I36,3)="L01",LEFT(I36,3)="L02"),"Yes","No") -> No | K36: NA | L36: NA | M36: NA | N36: NA | O36: NA | P36: =IF(OR(J36="No",N36="No",O36="Yes",Q36<>"NA"),"No","Yes") -> No | Q36: ATC code other than L01|L02 | R36: NA | S36: NA | T36: NA | U36: NA
A37: 43922 | B37: https://www.ema.europa.eu/en/news/meeting-highlights-committee-medicinal-products-human-use-chmp-28-30-april-2020 | C37: Extensions of indications | D37: Braftovi | E37: =IFERROR(IF(VLOOKUP($D37,'Medicine outputs'!$B:$AM,6,0)=0,"",VLOOKUP($D37,'Medicine outputs'!$B:$AM,6,0)),"") -> encorafenib | F37: =IFERROR(IF(VLOOKUP($D37,'Medicine outputs'!$B:$AM,8,0)=0,"",VLOOKUP($D37,'Medicine outputs'!$B:$AM,8,0)),"") -> Melanoma;Colorectal Neoplasms | G37: =IFERROR(IF(VLOOKUP($D37,'Medicine outputs'!$B:$AM,13,0)=0,"",VLOOKUP($D37,'Medicine outputs'!$B:$AM,13,0)),"") -> Antineoplastic agents | H37: =IFERROR(IF(VLOOKUP($D37,'Medicine outputs'!$B:$AM,11,0)=0,"",VLOOKUP($D37,'Medicine outputs'!$B:$AM,11,0)),"") -> L01EC03 | I37: NA | J37: =IF(OR(LEFT(H37,3)="L01",LEFT(H37,3)="L02",LEFT(I37,3)="L01",LEFT(I37,3)="L02"),"Yes","No") -> Yes | K37: https://www.ema.europa.eu/en/documents/variation-report/braftovi-h-c-4280-ws-1695-epar-assessment-report-variation_en.pdf | L37: EMEA/H/C/xxxx/WS/1695 | M37: Extension of indicationsto include in combination with cetuximab, for the treatment of adult patients with metastatic colorectal cancer (CRC) with a BRAF V600E mutation, who have received prior systemic therapy. | N37: Yes | O37: No | P37: =IF(OR(J37="No",N37="No",O37="Yes",Q37<>"NA"),"No","Yes") -> Yes | Q37: NA | R37: 1 | S37: BEACON CRC Study (ARRAY-818-302) | T37: NCT02928224 | U37: NA
A38: 43922 | B38: https://www.ema.europa.eu/en/news/meeting-highlights-committee-medicinal-products-human-use-chmp-28-30-april-2020 | C38: Extensions of indications | D38: Cablivi | E38: =IFERROR(IF(VLOOKUP($D38,'Medicine outputs'!$B:$AM,6,0)=0,"",VLOOKUP($D38,'Medicine outputs'!$B:$AM,6,0)),"") -> caplacizumab | F38: =IFERROR(IF(VLOOKUP($D38,'Medicine outputs'!$B:$AM,8,0)=0,"",VLOOKUP($D38,'Medicine outputs'!$B:$AM,8,0)),"") -> Purpura, Thrombotic Thrombocytopenic | G38: =IFERROR(IF(VLOOKUP($D38,'Medicine outputs'!$B:$AM,13,0)=0,"",VLOOKUP($D38,'Medicine outputs'!$B:$AM,13,0)),"") -> Antithrombotic agents | H38: =IFERROR(IF(VLOOKUP($D38,'Medicine outputs'!$B:$AM,11,0)=0,"",VLOOKUP($D38,'Medicine outputs'!$B:$AM,11,0)),"") -> B01A | I38: NA | J38: =IF(OR(LEFT(H38,3)="L01",LEFT(H38,3)="L02",LEFT(I38,3)="L01",LEFT(I38,3)="L02"),"Yes","No") -> No | K38: NA | L38: NA | M38: NA | N38: NA | O38: NA | P38: =IF(OR(J38="No",N38="No",O38="Yes",Q38<>"NA"),"No","Yes") -> No | Q38: ATC code other than L01|L02 | R38: NA | S38: NA | T38: NA | U38: NA
A39: 43922 | B39: https://www.ema.europa.eu/en/news/meeting-highlights-committee-medicinal-products-human-use-chmp-28-30-april-2020 | C39: Extensions of indications | D39: Carmustine medac (previously Carmustine Obvius) | E39: =IFERROR(IF(VLOOKUP($D39,'Medicine outputs'!$B:$AM,6,0)=0,"",VLOOKUP($D39,'Medicine outputs'!$B:$AM,6,0)),"") -> carmustine | F39: =IFERROR(IF(VLOOKUP($D39,'Medicine outputs'!$B:$AM,8,0)=0,"",VLOOKUP($D39,'Medicine outputs'!$B:$AM,8,0)),"") -> Hodgkin Disease;Lymphoma, Non-Hodgkin | G39: =IFERROR(IF(VLOOKUP($D39,'Medicine outputs'!$B:$AM,13,0)=0,"",VLOOKUP($D39,'Medicine outputs'!$B:$AM,13,0)),"") -> Antineoplastic agents | H39: =IFERROR(IF(VLOOKUP($D39,'Medicine outputs'!$B:$AM,11,0)=0,"",VLOOKUP($D39,'Medicine outputs'!$B:$AM,11,0)),"") -> L01AD01 | I39: NA | J39: =IF(OR(LEFT(H39,3)="L01",LEFT(H39,3)="L02",LEFT(I39,3)="L01",LEFT(I39,3)="L02"),"Yes","No") -> Yes | K39: https://www.ema.europa.eu/en/documents/variation-report/carmustine-obvius-h-c-4326-ii-0002-epar-assessment-report-variation_en.pdf | L39: EMEA/H/C/004326/II/0002 | M39: Extension of indicationsto include as conditioning treatment prior to autologous haematopoietic progenitor cell transplantation (HPCT) in malignant haematological diseases (Hodgkin’s disease / Non-hodgkin’s lymphoma). | N39: Yes | O39: No | P39: =IF(OR(J39="No",N39="No",O39="Yes",Q39<>"NA"),"No","Yes") -> No | Q39: No RCT | R39: 0 | S39: NA | T39: NA | U39: NA
A40: 43922 | B40: https://www.ema.europa.eu/en/news/meeting-highlights-committee-medicinal-products-human-use-chmp-28-30-april-2020 | C40: Extensions of indications | D40: Ecalta | E40: =IFERROR(IF(VLOOKUP($D40,'Medicine outputs'!$B:$AM,6,0)=0,"",VLOOKUP($D40,'Medicine outputs'!$B:$AM,6,0)),"") -> anidulafungin | F40: =IFERROR(IF(VLOOKUP($D40,'Medicine outputs'!$B:$AM,8,0)=0,"",VLOOKUP($D40,'Medicine outputs'!$B:$AM,8,0)),"") -> Candidiasis | G40: =IFERROR(IF(VLOOKUP($D40,'Medicine outputs'!$B:$AM,13,0)=0,"",VLOOKUP($D40,'Medicine outputs'!$B:$AM,13,0)),"") -> Antimycotics for systemic use | H40: =IFERROR(IF(VLOOKUP($D40,'Medicine outputs'!$B:$AM,11,0)=0,"",VLOOKUP($D40,'Medicine outputs'!$B:$AM,11,0)),"") -> J02AX06 | I40: NA | J40: =IF(OR(LEFT(H40,3)="L01",LEFT(H40,3)="L02",LEFT(I40,3)="L01",LEFT(I40,3)="L02"),"Yes","No") -> No | K40: NA | L40: NA | M40: NA | N40: NA | O40: NA | P40: =IF(OR(J40="No",N40="No",O40="Yes",Q40<>"NA"),"No","Yes") -> No | Q40: ATC code other than L01|L02 | R40: NA | S40: NA | T40: NA | U40: NA
A41: 43922 | B41: https://www.ema.europa.eu/en/news/meeting-highlights-committee-medicinal-products-human-use-chmp-28-30-april-2020 | C41: Extensions of indications | D41: Harvoni | E41: =IFERROR(IF(VLOOKUP($D41,'Medicine outputs'!$B:$AM,6,0)=0,"",VLOOKUP($D41,'Medicine outputs'!$B:$AM,6,0)),"") -> ledispavir;sofosbuvir | F41: =IFERROR(IF(VLOOKUP($D41,'Medicine outputs'!$B:$AM,8,0)=0,"",VLOOKUP($D41,'Medicine outputs'!$B:$AM,8,0)),"") -> Hepatitis C, Chronic | G41: =IFERROR(IF(VLOOKUP($D41,'Medicine outputs'!$B:$AM,13,0)=0,"",VLOOKUP($D41,'Medicine outputs'!$B:$AM,13,0)),"") -> Antivirals for systemic use | H41: =IFERROR(IF(VLOOKUP($D41,'Medicine outputs'!$B:$AM,11,0)=0,"",VLOOKUP($D41,'Medicine outputs'!$B:$AM,11,0)),"") -> J05AX65 | I41: NA | J41: =IF(OR(LEFT(H41,3)="L01",LEFT(H41,3)="L02",LEFT(I41,3)="L01",LEFT(I41,3)="L02"),"Yes","No") -> No | K41: NA | L41: NA | M41: NA | N41: NA | O41: NA | P41: =IF(OR(J41="No",N41="No",O41="Yes",Q41<>"NA"),"No","Yes") -> No | Q41: ATC code other than L01|L02 | R41: NA | S41: NA | T41: NA | U41: NA
A42: 43922 | B42: https://www.ema.europa.eu/en/news/meeting-highlights-committee-medicinal-products-human-use-chmp-28-30-april-2020 | C42: Extensions of indications | D42: Kalydeco | E42: =IFERROR(IF(VLOOKUP($D42,'Medicine outputs'!$B:$AM,6,0)=0,"",VLOOKUP($D42,'Medicine outputs'!$B:$AM,6,0)),"") -> ivacaftor | F42: =IFERROR(IF(VLOOKUP($D42,'Medicine outputs'!$B:$AM,8,0)=0,"",VLOOKUP($D42,'Medicine outputs'!$B:$AM,8,0)),"") -> Cystic Fibrosis | G42: =IFERROR(IF(VLOOKUP($D42,'Medicine outputs'!$B:$AM,13,0)=0,"",VLOOKUP($D42,'Medicine outputs'!$B:$AM,13,0)),"") -> Other respiratory system products | H42: =IFERROR(IF(VLOOKUP($D42,'Medicine outputs'!$B:$AM,11,0)=0,"",VLOOKUP($D42,'Medicine outputs'!$B:$AM,11,0)),"") -> R07AX02 | I42: NA | J42: =IF(OR(LEFT(H42,3)="L01",LEFT(H42,3)="L02",LEFT(I42,3)="L01",LEFT(I42,3)="L02"),"Yes","No") -> No | K42: NA | L42: NA | M42: NA | N42: NA | O42: NA | P42: =IF(OR(J42="No",N42="No",O42="Yes",Q42<>"NA"),"No","Yes") -> No | Q42: ATC code other than L01|L02 | R42: NA | S42: NA | T42: NA | U42: NA
A43: 43922 | B43: https://www.ema.europa.eu/en/news/meeting-highlights-committee-medicinal-products-human-use-chmp-28-30-april-2020 | C43: Extensions of indications | D43: Sovaldi | E43: =IFERROR(IF(VLOOKUP($D43,'Medicine outputs'!$B:$AM,6,0)=0,"",VLOOKUP($D43,'Medicine outputs'!$B:$AM,6,0)),"") -> sofosbuvir | F43: =IFERROR(IF(VLOOKUP($D43,'Medicine outputs'!$B:$AM,8,0)=0,"",VLOOKUP($D43,'Medicine outputs'!$B:$AM,8,0)),"") -> Hepatitis C, Chronic | G43: =IFERROR(IF(VLOOKUP($D43,'Medicine outputs'!$B:$AM,13,0)=0,"",VLOOKUP($D43,'Medicine outputs'!$B:$AM,13,0)),"") -> Antivirals for systemic use | H43: =IFERROR(IF(VLOOKUP($D43,'Medicine outputs'!$B:$AM,11,0)=0,"",VLOOKUP($D43,'Medicine outputs'!$B:$AM,11,0)),"") -> J05AX15 | I43: NA | J43: =IF(OR(LEFT(H43,3)="L01",LEFT(H43,3)="L02",LEFT(I43,3)="L01",LEFT(I43,3)="L02"),"Yes","No") -> No | K43: NA | L43: NA | M43: NA | N43: NA | O43: NA | P43: =IF(OR(J43="No",N43="No",O43="Yes",Q43<>"NA"),"No","Yes") -> No | Q43: ATC code other than L01|L02 | R43: NA | S43: NA | T43: NA | U43: NA
A44: 43922 | B44: https://www.ema.europa.eu/en/news/meeting-highlights-committee-medicinal-products-human-use-chmp-28-30-april-2020 | C44: Extensions of indications | D44: Taltz | E44: =IFERROR(IF(VLOOKUP($D44,'Medicine outputs'!$B:$AM,6,0)=0,"",VLOOKUP($D44,'Medicine outputs'!$B:$AM,6,0)),"") -> ixekizumab | F44: =IFERROR(IF(VLOOKUP($D44,'Medicine outputs'!$B:$AM,8,0)=0,"",VLOOKUP($D44,'Medicine outputs'!$B:$AM,8,0)),"") -> Psoriasis | G44: =IFERROR(IF(VLOOKUP($D44,'Medicine outputs'!$B:$AM,13,0)=0,"",VLOOKUP($D44,'Medicine outputs'!$B:$AM,13,0)),"") -> Immunosuppressants | H44: =IFERROR(IF(VLOOKUP($D44,'Medicine outputs'!$B:$AM,11,0)=0,"",VLOOKUP($D44,'Medicine outputs'!$B:$AM,11,0)),"") -> L04AC | I44: NA | J44: =IF(OR(LEFT(H44,3)="L01",LEFT(H44,3)="L02",LEFT(I44,3)="L01",LEFT(I44,3)="L02"),"Yes","No") -> No | K44: NA | L44: NA | M44: NA | N44: NA | O44: NA | P44: =IF(OR(J44="No",N44="No",O44="Yes",Q44<>"NA"),"No","Yes") -> No | Q44: ATC code other than L01|L02 | R44: NA | S44: NA | T44: NA | U44: NA
A45: 43922 | B45: https://www.ema.europa.eu/en/news/meeting-highlights-committee-medicinal-products-human-use-chmp-28-30-april-2020 | C45: Extensions of indications | D45: Ultomiris | E45: =IFERROR(IF(VLOOKUP($D45,'Medicine outputs'!$B:$AM,6,0)=0,"",VLOOKUP($D45,'Medicine outputs'!$B:$AM,6,0)),"") -> ravulizumab | F45: =IFERROR(IF(VLOOKUP($D45,'Medicine outputs'!$B:$AM,8,0)=0,"",VLOOKUP($D45,'Medicine outputs'!$B:$AM,8,0)),"") -> Hemoglobinuria, Paroxysmal | G45: =IFERROR(IF(VLOOKUP($D45,'Medicine outputs'!$B:$AM,13,0)=0,"",VLOOKUP($D45,'Medicine outputs'!$B:$AM,13,0)),"") -> Selective immunosuppressants | H45: =IFERROR(IF(VLOOKUP($D45,'Medicine outputs'!$B:$AM,11,0)=0,"",VLOOKUP($D45,'Medicine outputs'!$B:$AM,11,0)),"") -> L04AA43 | I45: NA | J45: =IF(OR(LEFT(H45,3)="L01",LEFT(H45,3)="L02",LEFT(I45,3)="L01",LEFT(I45,3)="L02"),"Yes","No") -> No | K45: NA | L45: NA | M45: NA | N45: NA | O45: NA | P45: =IF(OR(J45="No",N45="No",O45="Yes",Q45<>"NA"),"No","Yes") -> No | Q45: ATC code other than L01|L02 | R45: NA | S45: NA | T45: NA | U45: NA
A46: 43952 | B46: https://www.ema.europa.eu/en/news/meeting-highlights-committee-medicinal-products-human-use-chmp-25-28-may-2020 | C46: New medicines | D46: Hepcludex | E46: =IFERROR(IF(VLOOKUP($D46,'Medicine outputs'!$B:$AM,6,0)=0,"",VLOOKUP($D46,'Medicine outputs'!$B:$AM,6,0)),"") -> bulevirtide | F46: =IFERROR(IF(VLOOKUP($D46,'Medicine outputs'!$B:$AM,8,0)=0,"",VLOOKUP($D46,'Medicine outputs'!$B:$AM,8,0)),"") -> Hepatitis D, Chronic | G46: =IFERROR(IF(VLOOKUP($D46,'Medicine outputs'!$B:$AM,13,0)=0,"",VLOOKUP($D46,'Medicine outputs'!$B:$AM,13,0)),"") -> Antivirals for systemic use | H46: =IFERROR(IF(VLOOKUP($D46,'Medicine outputs'!$B:$AM,11,0)=0,"",VLOOKUP($D46,'Medicine outputs'!$B:$AM,11,0)),"") -> J05A | I46: NA | J46: =IF(OR(LEFT(H46,3)="L01",LEFT(H46,3)="L02",LEFT(I46,3)="L01",LEFT(I46,3)="L02"),"Yes","No") -> No | K46: NA | L46: NA | M46: NA | N46: NA | O46: NA | P46: =IF(OR(J46="No",N46="No",O46="Yes",Q46<>"NA"),"No","Yes") -> No | Q46: ATC code other than L01|L02 | R46: NA | S46: NA | T46: NA | U46: NA
A47: 43952 | B47: https://www.ema.europa.eu/en/news/meeting-highlights-committee-medicinal-products-human-use-chmp-25-28-may-2020 | C47: New medicines | D47: Mvabea | E47: =IFERROR(IF(VLOOKUP($D47,'Medicine outputs'!$B:$AM,6,0)=0,"",VLOOKUP($D47,'Medicine outputs'!$B:$AM,6,0)),"") -> Ebola vaccine (MVA-BN-Filo [recombinant]) | F47: =IFERROR(IF(VLOOKUP($D47,'Medicine outputs'!$B:$AM,8,0)=0,"",VLOOKUP($D47,'Medicine outputs'!$B:$AM,8,0)),"") -> Hemorrhagic Fever, Ebola | G47: =IFERROR(IF(VLOOKUP($D47,'Medicine outputs'!$B:$AM,13,0)=0,"",VLOOKUP($D47,'Medicine outputs'!$B:$AM,13,0)),"") -> Vaccines | H47: =IFERROR(IF(VLOOKUP($D47,'Medicine outputs'!$B:$AM,11,0)=0,"",VLOOKUP($D47,'Medicine outputs'!$B:$AM,11,0)),"") -> J07BX | I47: NA | J47: =IF(OR(LEFT(H47,3)="L01",LEFT(H47,3)="L02",LEFT(I47,3)="L01",LEFT(I47,3)="L02"),"Yes","No") -> No | K47: NA | L47: NA | M47: NA | N47: NA | O47: NA | P47: =IF(OR(J47="No",N47="No",O47="Yes",Q47<>"NA"),"No","Yes") -> No | Q47: ATC code other than L01|L02 | R47: NA | S47: NA | T47: NA | U47: NA
A48: 43952 | B48: https://www.ema.europa.eu/en/news/meeting-highlights-committee-medicinal-products-human-use-chmp-25-28-may-2020 | C48: New medicines | D48: Piqray | E48: =IFERROR(IF(VLOOKUP($D48,'Medicine outputs'!$B:$AM,6,0)=0,"",VLOOKUP($D48,'Medicine outputs'!$B:$AM,6,0)),"") -> alpelisib | F48: =IFERROR(IF(VLOOKUP($D48,'Medicine outputs'!$B:$AM,8,0)=0,"",VLOOKUP($D48,'Medicine outputs'!$B:$AM,8,0)),"") -> Breast Neoplasms | G48: =IFERROR(IF(VLOOKUP($D48,'Medicine outputs'!$B:$AM,13,0)=0,"",VLOOKUP($D48,'Medicine outputs'!$B:$AM,13,0)),"") -> Antineoplastic agents | H48: =IFERROR(IF(VLOOKUP($D48,'Medicine outputs'!$B:$AM,11,0)=0,"",VLOOKUP($D48,'Medicine outputs'!$B:$AM,11,0)),"") -> L01XE | I48: NA | J48: =IF(OR(LEFT(H48,3)="L01",LEFT(H48,3)="L02",LEFT(I48,3)="L01",LEFT(I48,3)="L02"),"Yes","No") -> Yes | K48: https://www.ema.europa.eu/en/documents/assessment-report/piqray-epar-public-assessment-report_en.pdf | L48: EMEA/H/C/004804/0000 | M48: Piqray is indicated in combination with fulvestrant for the treatment of postmenopausal women, and men, with hormone receptor (HR)-positive, human epidermal growth factor receptor 2 (HER2)-negative, locally advanced or metastatic breast cancer with a PIK3CA mutation after disease progression following endocrine therapy as monotherapy. | N48: Yes | O48: No | P48: =IF(OR(J48="No",N48="No",O48="Yes",Q48<>"NA"),"No","Yes") -> Yes | Q48: NA | R48: 1 | S48: CBYL719C2301 (SOLAR-1) | T48: NCT02437318 | U48: NA
A49: 43952 | B49: https://www.ema.europa.eu/en/news/meeting-highlights-committee-medicinal-products-human-use-chmp-25-28-may-2020 | C49: New medicines | D49: Rozlytrek | E49: =IFERROR(IF(VLOOKUP($D49,'Medicine outputs'!$B:$AM,6,0)=0,"",VLOOKUP($D49,'Medicine outputs'!$B:$AM,6,0)),"") -> entrectinib | F49: =IFERROR(IF(VLOOKUP($D49,'Medicine outputs'!$B:$AM,8,0)=0,"",VLOOKUP($D49,'Medicine outputs'!$B:$AM,8,0)),"") -> Cancer;Carcinoma, Non-Small-Cell Lung | G49: =IFERROR(IF(VLOOKUP($D49,'Medicine outputs'!$B:$AM,13,0)=0,"",VLOOKUP($D49,'Medicine outputs'!$B:$AM,13,0)),"") -> Antineoplastic agents | H49: =IFERROR(IF(VLOOKUP($D49,'Medicine outputs'!$B:$AM,11,0)=0,"",VLOOKUP($D49,'Medicine outputs'!$B:$AM,11,0)),"") -> L01EX14 | I49: NA | J49: =IF(OR(LEFT(H49,3)="L01",LEFT(H49,3)="L02",LEFT(I49,3)="L01",LEFT(I49,3)="L02"),"Yes","No") -> Yes | K49: https://www.ema.europa.eu/en/documents/assessment-report/rozlytrek-epar-public-assessment-report_en.pdf | L49: EMEA/H/C/004936/0000 | M49: Rozlytrek as monotherapy is indicated for the treatment of adult and paediatric patients 12 years of age and older, with solid tumours expressing a neurotrophic tyrosine receptor kinase (NTRK) gene fusion, - who have a disease that is locally advanced, metastatic or where surgical resection is likely to result in severe morbidity, and - - who have not received a prior NTRK inhibitor - who have no satisfactory treatment options. Rozlytrek as monotherapy is indicated for the treatment of adult patients with ROS1-positive, advanced non-small cell lung cancer (NSCLC) not previously treated with ROS1 inhibitors. | N49: Yes | O49: No | P49: =IF(OR(J49="No",N49="No",O49="Yes",Q49<>"NA"),"No","Yes") -> Yes | Q49: NA | R49: 1 | S49: GO40782 (STARTRK-2) | T49: NCT02568267 | U49: NA
A50: 43952 | B50: https://www.ema.europa.eu/en/news/meeting-highlights-committee-medicinal-products-human-use-chmp-25-28-may-2020 | C50: New medicines | D50: Xenleta | E50: =IFERROR(IF(VLOOKUP($D50,'Medicine outputs'!$B:$AM,6,0)=0,"",VLOOKUP($D50,'Medicine outputs'!$B:$AM,6,0)),"") -> lefamulin | F50: =IFERROR(IF(VLOOKUP($D50,'Medicine outputs'!$B:$AM,8,0)=0,"",VLOOKUP($D50,'Medicine outputs'!$B:$AM,8,0)),"") -> Pneumonia, Bacterial;Community-Acquired Infections | G50: =IFERROR(IF(VLOOKUP($D50,'Medicine outputs'!$B:$AM,13,0)=0,"",VLOOKUP($D50,'Medicine outputs'!$B:$AM,13,0)),"") -> Antibacterials for systemic use | H50: =IFERROR(IF(VLOOKUP($D50,'Medicine outputs'!$B:$AM,11,0)=0,"",VLOOKUP($D50,'Medicine outputs'!$B:$AM,11,0)),"") -> J01XX | I50: NA | J50: =IF(OR(LEFT(H50,3)="L01",LEFT(H50,3)="L02",LEFT(I50,3)="L01",LEFT(I50,3)="L02"),"Yes","No") -> No | K50: NA | L50: NA | M50: NA | N50: NA | O50: NA | P50: =IF(OR(J50="No",N50="No",O50="Yes",Q50<>"NA"),"No","Yes") -> No | Q50: ATC code other than L01|L02 | R50: NA | S50: NA | T50: NA | U50: NA
A51: 43952 | B51: https://www.ema.europa.eu/en/news/meeting-highlights-committee-medicinal-products-human-use-chmp-25-28-may-2020 | C51: New medicines | D51: Zabdeno | E51: =IFERROR(IF(VLOOKUP($D51,'Medicine outputs'!$B:$AM,6,0)=0,"",VLOOKUP($D51,'Medicine outputs'!$B:$AM,6,0)),"") -> ebola vaccine (Ad26.ZEBOV-GP [recombinant]) | F51: =IFERROR(IF(VLOOKUP($D51,'Medicine outputs'!$B:$AM,8,0)=0,"",VLOOKUP($D51,'Medicine outputs'!$B:$AM,8,0)),"") -> Hemorrhagic Fever, Ebola | G51: =IFERROR(IF(VLOOKUP($D51,'Medicine outputs'!$B:$AM,13,0)=0,"",VLOOKUP($D51,'Medicine outputs'!$B:$AM,13,0)),"") -> Vaccines | H51: =IFERROR(IF(VLOOKUP($D51,'Medicine outputs'!$B:$AM,11,0)=0,"",VLOOKUP($D51,'Medicine outputs'!$B:$AM,11,0)),"") -> J07 | I51: NA | J51: =IF(OR(LEFT(H51,3)="L01",LEFT(H51,3)="L02",LEFT(I51,3)="L01",LEFT(I51,3)="L02"),"Yes","No") -> No | K51: NA | L51: NA | M51: NA | N51: NA | O51: NA | P51: =IF(OR(J51="No",N51="No",O51="Yes",Q51<>"NA"),"No","Yes") -> No | Q51: ATC code other than L01|L02 | R51: NA | S51: NA | T51: NA | U51: NA
A52: 43952 | B52: https://www.ema.europa.eu/en/news/meeting-highlights-committee-medicinal-products-human-use-chmp-25-28-may-2020 | C52: Extensions of indications | D52: Invokana | E52: =IFERROR(IF(VLOOKUP($D52,'Medicine outputs'!$B:$AM,6,0)=0,"",VLOOKUP($D52,'Medicine outputs'!$B:$AM,6,0)),"") -> canagliflozin | F52: =IFERROR(IF(VLOOKUP($D52,'Medicine outputs'!$B:$AM,8,0)=0,"",VLOOKUP($D52,'Medicine outputs'!$B:$AM,8,0)),"") -> Diabetes Mellitus, Type 2 | G52: =IFERROR(IF(VLOOKUP($D52,'Medicine outputs'!$B:$AM,13,0)=0,"",VLOOKUP($D52,'Medicine outputs'!$B:$AM,13,0)),"") -> Drugs used in diabetes | H52: =IFERROR(IF(VLOOKUP($D52,'Medicine outputs'!$B:$AM,11,0)=0,"",VLOOKUP($D52,'Medicine outputs'!$B:$AM,11,0)),"") -> A10BK02 | I52: NA | J52: =IF(OR(LEFT(H52,3)="L01",LEFT(H52,3)="L02",LEFT(I52,3)="L01",LEFT(I52,3)="L02"),"Yes","No") -> No | K52: NA | L52: NA | M52: NA | N52: NA | O52: NA | P52: =IF(OR(J52="No",N52="No",O52="Yes",Q52<>"NA"),"No","Yes") -> No | Q52: ATC code other than L01|L02 | R52: NA | S52: NA | T52: NA | U52: NA
A53: 43952 | B53: https://www.ema.europa.eu/en/news/meeting-highlights-committee-medicinal-products-human-use-chmp-25-28-may-2020 | C53: Extensions of indications | D53: Lynparza | E53: =IFERROR(IF(VLOOKUP($D53,'Medicine outputs'!$B:$AM,6,0)=0,"",VLOOKUP($D53,'Medicine outputs'!$B:$AM,6,0)),"") -> olaparib | F53: =IFERROR(IF(VLOOKUP($D53,'Medicine outputs'!$B:$AM,8,0)=0,"",VLOOKUP($D53,'Medicine outputs'!$B:$AM,8,0)),"") -> Ovarian Neoplasms;Breast Neoplasms;Pancreatic Neoplasms;Prostatic Neoplasms, Castration-Resistant | G53: =IFERROR(IF(VLOOKUP($D53,'Medicine outputs'!$B:$AM,13,0)=0,"",VLOOKUP($D53,'Medicine outputs'!$B:$AM,13,0)),"") -> Antineoplastic agents | H53: =IFERROR(IF(VLOOKUP($D53,'Medicine outputs'!$B:$AM,11,0)=0,"",VLOOKUP($D53,'Medicine outputs'!$B:$AM,11,0)),"") -> L01XK01 | I53: NA | J53: =IF(OR(LEFT(H53,3)="L01",LEFT(H53,3)="L02",LEFT(I53,3)="L01",LEFT(I53,3)="L02"),"Yes","No") -> Yes | K53: https://www.ema.europa.eu/en/documents/variation-report/lynparza-h-c-003726-ii-0033-epar-assessment-report-variation_en.pdf | L53: EMEA/H/C/003726/II/0033 | M53: Extension of indicationsto include Adenocarcinoma of the pancreas: Lynparza is indicated as monotherapy for the maintenance treatment of adult patients with germline RCA1/2-mutations who have metastatic adenocarcinoma of the pancreas and have not progressed after a minimum of 16 weeks of platinum treatment within a first-line chemotherapy regimen. | N53: Yes | O53: No | P53: =IF(OR(J53="No",N53="No",O53="Yes",Q53<>"NA"),"No","Yes") -> Yes | Q53: NA | R53: 1 | S53: D081FC00001 (POLO) | T53: NCT02184195 | U53: NA
A54: 43952 | B54: https://www.ema.europa.eu/en/news/meeting-highlights-committee-medicinal-products-human-use-chmp-25-28-may-2020 | C54: Extensions of indications | D54: Ofev | E54: =IFERROR(IF(VLOOKUP($D54,'Medicine outputs'!$B:$AM,6,0)=0,"",VLOOKUP($D54,'Medicine outputs'!$B:$AM,6,0)),"") -> nintedanib | F54: =IFERROR(IF(VLOOKUP($D54,'Medicine outputs'!$B:$AM,8,0)=0,"",VLOOKUP($D54,'Medicine outputs'!$B:$AM,8,0)),"") -> Idiopathic Pulmonary Fibrosis | G54: =IFERROR(IF(VLOOKUP($D54,'Medicine outputs'!$B:$AM,13,0)=0,"",VLOOKUP($D54,'Medicine outputs'!$B:$AM,13,0)),"") -> Antineoplastic agents | H54: =IFERROR(IF(VLOOKUP($D54,'Medicine outputs'!$B:$AM,11,0)=0,"",VLOOKUP($D54,'Medicine outputs'!$B:$AM,11,0)),"") -> L01EX09 | I54: NA | J54: =IF(OR(LEFT(H54,3)="L01",LEFT(H54,3)="L02",LEFT(I54,3)="L01",LEFT(I54,3)="L02"),"Yes","No") -> Yes | K54: https://www.ema.europa.eu/en/documents/variation-report/ofev-h-c-003821-ii-0027-epar-assessment-report-variation_en.pdf | L54: EMEA/H/C/003821/II/0027 | M54: Extension of Indication to include new indication for OFEV for the treatment of other chronic fibrosing interstitial lung diseases (ILDs) with a progressive phenotype | N54: No | O54: NA | P54: =IF(OR(J54="No",N54="No",O54="Yes",Q54<>"NA"),"No","Yes") -> No | Q54: Indications other than onco-hematology | R54: NA | S54: NA | T54: NA | U54: NA
A55: 43952 | B55: https://www.ema.europa.eu/en/news/meeting-highlights-committee-medicinal-products-human-use-chmp-25-28-may-2020 | C55: Extensions of indications | D55: Sivextro | E55: =IFERROR(IF(VLOOKUP($D55,'Medicine outputs'!$B:$AM,6,0)=0,"",VLOOKUP($D55,'Medicine outputs'!$B:$AM,6,0)),"") -> tedizolid phosphate | F55: =IFERROR(IF(VLOOKUP($D55,'Medicine outputs'!$B:$AM,8,0)=0,"",VLOOKUP($D55,'Medicine outputs'!$B:$AM,8,0)),"") -> Soft Tissue Infections;Skin Diseases, Bacterial | G55: =IFERROR(IF(VLOOKUP($D55,'Medicine outputs'!$B:$AM,13,0)=0,"",VLOOKUP($D55,'Medicine outputs'!$B:$AM,13,0)),"") -> Antibacterials for systemic use;Other antibacterials | H55: =IFERROR(IF(VLOOKUP($D55,'Medicine outputs'!$B:$AM,11,0)=0,"",VLOOKUP($D55,'Medicine outputs'!$B:$AM,11,0)),"") -> J01XX11 | I55: NA | J55: =IF(OR(LEFT(H55,3)="L01",LEFT(H55,3)="L02",LEFT(I55,3)="L01",LEFT(I55,3)="L02"),"Yes","No") -> No | K55: NA | L55: NA | M55: NA | N55: NA | O55: NA | P55: =IF(OR(J55="No",N55="No",O55="Yes",Q55<>"NA"),"No","Yes") -> No | Q55: ATC code other than L01|L02 | R55: NA | S55: NA | T55: NA | U55: NA
A56: 43952 | B56: https://www.ema.europa.eu/en/news/meeting-highlights-committee-medicinal-products-human-use-chmp-25-28-may-2020 | C56: Extensions of indications | D56: Taltz | E56: =IFERROR(IF(VLOOKUP($D56,'Medicine outputs'!$B:$AM,6,0)=0,"",VLOOKUP($D56,'Medicine outputs'!$B:$AM,6,0)),"") -> ixekizumab | F56: =IFERROR(IF(VLOOKUP($D56,'Medicine outputs'!$B:$AM,8,0)=0,"",VLOOKUP($D56,'Medicine outputs'!$B:$AM,8,0)),"") -> Psoriasis | G56: =IFERROR(IF(VLOOKUP($D56,'Medicine outputs'!$B:$AM,13,0)=0,"",VLOOKUP($D56,'Medicine outputs'!$B:$AM,13,0)),"") -> Immunosuppressants | H56: =IFERROR(IF(VLOOKUP($D56,'Medicine outputs'!$B:$AM,11,0)=0,"",VLOOKUP($D56,'Medicine outputs'!$B:$AM,11,0)),"") -> L04AC | I56: NA | J56: =IF(OR(LEFT(H56,3)="L01",LEFT(H56,3)="L02",LEFT(I56,3)="L01",LEFT(I56,3)="L02"),"Yes","No") -> No | K56: NA | L56: NA | M56: NA | N56: NA | O56: NA | P56: =IF(OR(J56="No",N56="No",O56="Yes",Q56<>"NA"),"No","Yes") -> No | Q56: ATC code other than L01|L02 | R56: NA | S56: NA | T56: NA | U56: NA
A57: 43983 | B57: https://www.ema.europa.eu/en/news/meeting-highlights-committee-medicinal-products-human-use-chmp-22-25-june-2020 | C57: New medicines | D57: Idefirix | E57: =IFERROR(IF(VLOOKUP($D57,'Medicine outputs'!$B:$AM,6,0)=0,"",VLOOKUP($D57,'Medicine outputs'!$B:$AM,6,0)),"") -> imlifidase | F57: =IFERROR(IF(VLOOKUP($D57,'Medicine outputs'!$B:$AM,8,0)=0,"",VLOOKUP($D57,'Medicine outputs'!$B:$AM,8,0)),"") -> Desensitization, Immunologic;Kidney Transplantation | G57: =IFERROR(IF(VLOOKUP($D57,'Medicine outputs'!$B:$AM,13,0)=0,"",VLOOKUP($D57,'Medicine outputs'!$B:$AM,13,0)),"") -> Immunosuppressants | H57: =IFERROR(IF(VLOOKUP($D57,'Medicine outputs'!$B:$AM,11,0)=0,"",VLOOKUP($D57,'Medicine outputs'!$B:$AM,11,0)),"") -> L04AA | I57: NA | J57: =IF(OR(LEFT(H57,3)="L01",LEFT(H57,3)="L02",LEFT(I57,3)="L01",LEFT(I57,3)="L02"),"Yes","No") -> No | K57: NA | L57: NA | M57: NA | N57: NA | O57: NA | P57: =IF(OR(J57="No",N57="No",O57="Yes",Q57<>"NA"),"No","Yes") -> No | Q57: ATC code other than L01|L02 | R57: NA | S57: NA | T57: NA | U57: NA
A58: 43983 | B58: https://www.ema.europa.eu/en/news/meeting-highlights-committee-medicinal-products-human-use-chmp-22-25-june-2020 | C58: New medicines | D58: Kaftrio | E58: =IFERROR(IF(VLOOKUP($D58,'Medicine outputs'!$B:$AM,6,0)=0,"",VLOOKUP($D58,'Medicine outputs'!$B:$AM,6,0)),"") -> ivacaftor;tezacaftor;elexacaftor | F58: =IFERROR(IF(VLOOKUP($D58,'Medicine outputs'!$B:$AM,8,0)=0,"",VLOOKUP($D58,'Medicine outputs'!$B:$AM,8,0)),"") -> Cystic Fibrosis | G58: =IFERROR(IF(VLOOKUP($D58,'Medicine outputs'!$B:$AM,13,0)=0,"",VLOOKUP($D58,'Medicine outputs'!$B:$AM,13,0)),"") -> Other respiratory system products | H58: =IFERROR(IF(VLOOKUP($D58,'Medicine outputs'!$B:$AM,11,0)=0,"",VLOOKUP($D58,'Medicine outputs'!$B:$AM,11,0)),"") -> R07AX32 | I58: NA | J58: =IF(OR(LEFT(H58,3)="L01",LEFT(H58,3)="L02",LEFT(I58,3)="L01",LEFT(I58,3)="L02"),"Yes","No") -> No | K58: NA | L58: NA | M58: NA | N58: NA | O58: NA | P58: =IF(OR(J58="No",N58="No",O58="Yes",Q58<>"NA"),"No","Yes") -> No | Q58: ATC code other than L01|L02 | R58: NA | S58: NA | T58: NA | U58: NA
A59: 43983 | B59: https://www.ema.europa.eu/en/news/meeting-highlights-committee-medicinal-products-human-use-chmp-22-25-june-2020 | C59: New medicines | D59: Veklury | E59: =IFERROR(IF(VLOOKUP($D59,'Medicine outputs'!$B:$AM,6,0)=0,"",VLOOKUP($D59,'Medicine outputs'!$B:$AM,6,0)),"") -> remdesivir | F59: =IFERROR(IF(VLOOKUP($D59,'Medicine outputs'!$B:$AM,8,0)=0,"",VLOOKUP($D59,'Medicine outputs'!$B:$AM,8,0)),"") -> COVID-19 virus infection | G59: =IFERROR(IF(VLOOKUP($D59,'Medicine outputs'!$B:$AM,13,0)=0,"",VLOOKUP($D59,'Medicine outputs'!$B:$AM,13,0)),"") | H59: =IFERROR(IF(VLOOKUP($D59,'Medicine outputs'!$B:$AM,11,0)=0,"",VLOOKUP($D59,'Medicine outputs'!$B:$AM,11,0)),"") | I59: J05AB16 | J59: =IF(OR(LEFT(H59,3)="L01",LEFT(H59,3)="L02",LEFT(I59,3)="L01",LEFT(I59,3)="L02"),"Yes","No") -> No | K59: NA | L59: NA | M59: NA | N59: NA | O59: NA | P59: =IF(OR(J59="No",N59="No",O59="Yes",Q59<>"NA"),"No","Yes") -> No | Q59: ATC code other than L01|L02 | R59: NA | S59: NA | T59: NA | U59: NA
A60: 43983 | B60: https://www.ema.europa.eu/en/news/meeting-highlights-committee-medicinal-products-human-use-chmp-22-25-june-2020 | C60: Extensions of indications | D60: Cosentyx | E60: =IFERROR(IF(VLOOKUP($D60,'Medicine outputs'!$B:$AM,6,0)=0,"",VLOOKUP($D60,'Medicine outputs'!$B:$AM,6,0)),"") -> secukinumab | F60: =IFERROR(IF(VLOOKUP($D60,'Medicine outputs'!$B:$AM,8,0)=0,"",VLOOKUP($D60,'Medicine outputs'!$B:$AM,8,0)),"") -> Arthritis, Psoriatic;Psoriasis;Spondylitis, Ankylosing | G60: =IFERROR(IF(VLOOKUP($D60,'Medicine outputs'!$B:$AM,13,0)=0,"",VLOOKUP($D60,'Medicine outputs'!$B:$AM,13,0)),"") -> Immunosuppressants | H60: =IFERROR(IF(VLOOKUP($D60,'Medicine outputs'!$B:$AM,11,0)=0,"",VLOOKUP($D60,'Medicine outputs'!$B:$AM,11,0)),"") -> L04AC10 | I60: NA | J60: =IF(OR(LEFT(H60,3)="L01",LEFT(H60,3)="L02",LEFT(I60,3)="L01",LEFT(I60,3)="L02"),"Yes","No") -> No | K60: NA | L60: NA | M60: NA | N60: NA | O60: NA | P60: =IF(OR(J60="No",N60="No",O60="Yes",Q60<>"NA"),"No","Yes") -> No | Q60: ATC code other than L01|L02 | R60: NA | S60: NA | T60: NA | U60: NA
A61: 43983 | B61: https://www.ema.europa.eu/en/news/meeting-highlights-committee-medicinal-products-human-use-chmp-22-25-june-2020 | C61: Extensions of indications | D61: Epclusa | E61: =IFERROR(IF(VLOOKUP($D61,'Medicine outputs'!$B:$AM,6,0)=0,"",VLOOKUP($D61,'Medicine outputs'!$B:$AM,6,0)),"") -> sofosbuvir;velpatasvir | F61: =IFERROR(IF(VLOOKUP($D61,'Medicine outputs'!$B:$AM,8,0)=0,"",VLOOKUP($D61,'Medicine outputs'!$B:$AM,8,0)),"") -> Hepatitis C, Chronic | G61: =IFERROR(IF(VLOOKUP($D61,'Medicine outputs'!$B:$AM,13,0)=0,"",VLOOKUP($D61,'Medicine outputs'!$B:$AM,13,0)),"") -> Antivirals for systemic use | H61: =IFERROR(IF(VLOOKUP($D61,'Medicine outputs'!$B:$AM,11,0)=0,"",VLOOKUP($D61,'Medicine outputs'!$B:$AM,11,0)),"") -> J05A | I61: NA | J61: =IF(OR(LEFT(H61,3)="L01",LEFT(H61,3)="L02",LEFT(I61,3)="L01",LEFT(I61,3)="L02"),"Yes","No") -> No | K61: NA | L61: NA | M61: NA | N61: NA | O61: NA | P61: =IF(OR(J61="No",N61="No",O61="Yes",Q61<>"NA"),"No","Yes") -> No | Q61: ATC code other than L01|L02 | R61: NA | S61: NA | T61: NA | U61: NA
A62: 43983 | B62: https://www.ema.europa.eu/en/news/meeting-highlights-committee-medicinal-products-human-use-chmp-22-25-june-2020 | C62: Extensions of indications | D62: Remsima | E62: =IFERROR(IF(VLOOKUP($D62,'Medicine outputs'!$B:$AM,6,0)=0,"",VLOOKUP($D62,'Medicine outputs'!$B:$AM,6,0)),"") -> infliximab | F62: =IFERROR(IF(VLOOKUP($D62,'Medicine outputs'!$B:$AM,8,0)=0,"",VLOOKUP($D62,'Medicine outputs'!$B:$AM,8,0)),"") -> Arthritis, Psoriatic;Spondylitis, Ankylosing;Colitis, Ulcerative;Psoriasis;Crohn Disease;Arthritis, Rheumatoid | G62: =IFERROR(IF(VLOOKUP($D62,'Medicine outputs'!$B:$AM,13,0)=0,"",VLOOKUP($D62,'Medicine outputs'!$B:$AM,13,0)),"") -> Immunosuppressants | H62: =IFERROR(IF(VLOOKUP($D62,'Medicine outputs'!$B:$AM,11,0)=0,"",VLOOKUP($D62,'Medicine outputs'!$B:$AM,11,0)),"") -> L04AB02 | I62: NA | J62: =IF(OR(LEFT(H62,3)="L01",LEFT(H62,3)="L02",LEFT(I62,3)="L01",LEFT(I62,3)="L02"),"Yes","No") -> No | K62: NA | L62: NA | M62: NA | N62: NA | O62: NA | P62: =IF(OR(J62="No",N62="No",O62="Yes",Q62<>"NA"),"No","Yes") -> No | Q62: ATC code other than L01|L02 | R62: NA | S62: NA | T62: NA | U62: NA
A63: 43983 | B63: https://www.ema.europa.eu/en/news/meeting-highlights-committee-medicinal-products-human-use-chmp-22-25-june-2020 | C63: Extensions of indications | D63: Xolair | E63: =IFERROR(IF(VLOOKUP($D63,'Medicine outputs'!$B:$AM,6,0)=0,"",VLOOKUP($D63,'Medicine outputs'!$B:$AM,6,0)),"") -> omalizumab | F63: =IFERROR(IF(VLOOKUP($D63,'Medicine outputs'!$B:$AM,8,0)=0,"",VLOOKUP($D63,'Medicine outputs'!$B:$AM,8,0)),"") -> Asthma;Urticaria;Rhinitis | G63: =IFERROR(IF(VLOOKUP($D63,'Medicine outputs'!$B:$AM,13,0)=0,"",VLOOKUP($D63,'Medicine outputs'!$B:$AM,13,0)),"") -> Drugs for obstructive airway diseases | H63: =IFERROR(IF(VLOOKUP($D63,'Medicine outputs'!$B:$AM,11,0)=0,"",VLOOKUP($D63,'Medicine outputs'!$B:$AM,11,0)),"") -> R03DX05 | I63: NA | J63: =IF(OR(LEFT(H63,3)="L01",LEFT(H63,3)="L02",LEFT(I63,3)="L01",LEFT(I63,3)="L02"),"Yes","No") -> No | K63: NA | L63: NA | M63: NA | N63: NA | O63: NA | P63: =IF(OR(J63="No",N63="No",O63="Yes",Q63<>"NA"),"No","Yes") -> No | Q63: ATC code other than L01|L02 | R63: NA | S63: NA | T63: NA | U63: NA
A64: 43983 | B64: https://www.ema.europa.eu/en/news/meeting-highlights-committee-medicinal-products-human-use-chmp-22-25-june-2020 | C64: Extensions of indications | D64: Zavicefta | E64: =IFERROR(IF(VLOOKUP($D64,'Medicine outputs'!$B:$AM,6,0)=0,"",VLOOKUP($D64,'Medicine outputs'!$B:$AM,6,0)),"") -> ceftazidime;avibactam | F64: =IFERROR(IF(VLOOKUP($D64,'Medicine outputs'!$B:$AM,8,0)=0,"",VLOOKUP($D64,'Medicine outputs'!$B:$AM,8,0)),"") -> Pneumonia, Bacterial;Soft Tissue Infections;Pneumonia;Urinary Tract Infections;Gram-Negative Bacterial Infections | G64: =IFERROR(IF(VLOOKUP($D64,'Medicine outputs'!$B:$AM,13,0)=0,"",VLOOKUP($D64,'Medicine outputs'!$B:$AM,13,0)),"") -> Antibacterials for systemic use | H64: =IFERROR(IF(VLOOKUP($D64,'Medicine outputs'!$B:$AM,11,0)=0,"",VLOOKUP($D64,'Medicine outputs'!$B:$AM,11,0)),"") -> J01DD52 | I64: NA | J64: =IF(OR(LEFT(H64,3)="L01",LEFT(H64,3)="L02",LEFT(I64,3)="L01",LEFT(I64,3)="L02"),"Yes","No") -> No | K64: NA | L64: NA | M64: NA | N64: NA | O64: NA | P64: =IF(OR(J64="No",N64="No",O64="Yes",Q64<>"NA"),"No","Yes") -> No | Q64: ATC code other than L01|L02 | R64: NA | S64: NA | T64: NA | U64: NA
A65: 44013 | B65: https://www.ema.europa.eu/en/news/meeting-highlights-committee-medicinal-products-human-use-chmp-20-23-july-2020 | C65: New medicines | D65: Adakveo | E65: =IFERROR(IF(VLOOKUP($D65,'Medicine outputs'!$B:$AM,6,0)=0,"",VLOOKUP($D65,'Medicine outputs'!$B:$AM,6,0)),"") -> crizanlizumab | F65: =IFERROR(IF(VLOOKUP($D65,'Medicine outputs'!$B:$AM,8,0)=0,"",VLOOKUP($D65,'Medicine outputs'!$B:$AM,8,0)),"") -> Anemia, Sickle Cell | G65: =IFERROR(IF(VLOOKUP($D65,'Medicine outputs'!$B:$AM,13,0)=0,"",VLOOKUP($D65,'Medicine outputs'!$B:$AM,13,0)),"") -> Other hematological agents | H65: =IFERROR(IF(VLOOKUP($D65,'Medicine outputs'!$B:$AM,11,0)=0,"",VLOOKUP($D65,'Medicine outputs'!$B:$AM,11,0)),"") -> B06AX01 | I65: NA | J65: =IF(OR(LEFT(H65,3)="L01",LEFT(H65,3)="L02",LEFT(I65,3)="L01",LEFT(I65,3)="L02"),"Yes","No") -> No | K65: NA | L65: NA | M65: NA | N65: NA | O65: NA | P65: =IF(OR(J65="No",N65="No",O65="Yes",Q65<>"NA"),"No","Yes") -> No | Q65: ATC code other than L01|L02 | R65: NA | S65: NA | T65: NA | U65: NA
A66: 44013 | B66: https://www.ema.europa.eu/en/news/meeting-highlights-committee-medicinal-products-human-use-chmp-20-23-july-2020 | C66: New medicines | D66: Arikayce liposomal | E66: =IFERROR(IF(VLOOKUP($D66,'Medicine outputs'!$B:$AM,6,0)=0,"",VLOOKUP($D66,'Medicine outputs'!$B:$AM,6,0)),"") -> amikacin | F66: =IFERROR(IF(VLOOKUP($D66,'Medicine outputs'!$B:$AM,8,0)=0,"",VLOOKUP($D66,'Medicine outputs'!$B:$AM,8,0)),"") -> Respiratory Tract Infections | G66: =IFERROR(IF(VLOOKUP($D66,'Medicine outputs'!$B:$AM,13,0)=0,"",VLOOKUP($D66,'Medicine outputs'!$B:$AM,13,0)),"") -> Antibacterials for systemic use | H66: =IFERROR(IF(VLOOKUP($D66,'Medicine outputs'!$B:$AM,11,0)=0,"",VLOOKUP($D66,'Medicine outputs'!$B:$AM,11,0)),"") -> J01GB06 | I66: NA | J66: =IF(OR(LEFT(H66,3)="L01",LEFT(H66,3)="L02",LEFT(I66,3)="L01",LEFT(I66,3)="L02"),"Yes","No") -> No | K66: NA | L66: NA | M66: NA | N66: NA | O66: NA | P66: =IF(OR(J66="No",N66="No",O66="Yes",Q66<>"NA"),"No","Yes") -> No | Q66: ATC code other than L01|L02 | R66: NA | S66: NA | T66: NA | U66: NA
A67: 44013 | B67: https://www.ema.europa.eu/en/news/meeting-highlights-committee-medicinal-products-human-use-chmp-20-23-july-2020 | C67: New medicines | D67: Ayvakyt | E67: =IFERROR(IF(VLOOKUP($D67,'Medicine outputs'!$B:$AM,6,0)=0,"",VLOOKUP($D67,'Medicine outputs'!$B:$AM,6,0)),"") -> avapritinib | F67: =IFERROR(IF(VLOOKUP($D67,'Medicine outputs'!$B:$AM,8,0)=0,"",VLOOKUP($D67,'Medicine outputs'!$B:$AM,8,0)),"") -> Gastrointestinal Stromal Tumors | G67: =IFERROR(IF(VLOOKUP($D67,'Medicine outputs'!$B:$AM,13,0)=0,"",VLOOKUP($D67,'Medicine outputs'!$B:$AM,13,0)),"") -> Other antineoplastic agents;Protein kinase inhibitors | H67: =IFERROR(IF(VLOOKUP($D67,'Medicine outputs'!$B:$AM,11,0)=0,"",VLOOKUP($D67,'Medicine outputs'!$B:$AM,11,0)),"") -> L01EX18 | I67: NA | J67: =IF(OR(LEFT(H67,3)="L01",LEFT(H67,3)="L02",LEFT(I67,3)="L01",LEFT(I67,3)="L02"),"Yes","No") -> Yes | K67: https://www.ema.europa.eu/en/documents/assessment-report/ayvakyt-epar-public-assessment-report_en.pdf | L67: EMEA/H/C/005208/0000 | M67: AYVAKYT is indicated as monotherapy for the treatment of adult patients with unresectable or metastatic gastrointestinal stromal tumours (GIST) harbouring the platelet-derived growth factor receptor alpha (PDGFRA) D842V mutation. | N67: Yes | O67: No | P67: =IF(OR(J67="No",N67="No",O67="Yes",Q67<>"NA"),"No","Yes") -> Yes | Q67: NA | R67: 1 | S67: BLU-285-1101 | T67: NCT02508532 | U67: NA
A68: 44013 | B68: https://www.ema.europa.eu/en/news/meeting-highlights-committee-medicinal-products-human-use-chmp-20-23-july-2020 | C68: New medicines | D68: Blenrep | E68: =IFERROR(IF(VLOOKUP($D68,'Medicine outputs'!$B:$AM,6,0)=0,"",VLOOKUP($D68,'Medicine outputs'!$B:$AM,6,0)),"") -> belantamab mafodotin | F68: =IFERROR(IF(VLOOKUP($D68,'Medicine outputs'!$B:$AM,8,0)=0,"",VLOOKUP($D68,'Medicine outputs'!$B:$AM,8,0)),"") -> Multiple Myeloma | G68: =IFERROR(IF(VLOOKUP($D68,'Medicine outputs'!$B:$AM,13,0)=0,"",VLOOKUP($D68,'Medicine outputs'!$B:$AM,13,0)),"") -> Antineoplastic agents | H68: =IFERROR(IF(VLOOKUP($D68,'Medicine outputs'!$B:$AM,11,0)=0,"",VLOOKUP($D68,'Medicine outputs'!$B:$AM,11,0)),"") -> L01XC39 | I68: NA | J68: =IF(OR(LEFT(H68,3)="L01",LEFT(H68,3)="L02",LEFT(I68,3)="L01",LEFT(I68,3)="L02"),"Yes","No") -> Yes | K68: https://www.ema.europa.eu/en/documents/assessment-report/blenrep-epar-public-assessment-report_en.pdf | L68: EMEA/H/C/004935/0000 | M68: BLENREP is indicated as monotherapy for the treatment of multiple myeloma in adult patients, who have received at least four prior therapies and whose disease is refractory to at least one proteasome inhibitor, one immunomodulatory agent, and an anti-CD38 monoclonal antibody, and who have demonstrated disease progression on the last therapy. | N68: Yes | O68: No | P68: =IF(OR(J68="No",N68="No",O68="Yes",Q68<>"NA"),"No","Yes") -> Yes | Q68: NA | R68: 1 | S68: 205678 (DREAMM-2) | T68: NCT03525678 | U68: 2017-004810-25
A69: 44013 | B69: https://www.ema.europa.eu/en/news/meeting-highlights-committee-medicinal-products-human-use-chmp-20-23-july-2020 | C69: New medicines | D69: Calquence | E69: =IFERROR(IF(VLOOKUP($D69,'Medicine outputs'!$B:$AM,6,0)=0,"",VLOOKUP($D69,'Medicine outputs'!$B:$AM,6,0)),"") -> acalabrutinib | F69: =IFERROR(IF(VLOOKUP($D69,'Medicine outputs'!$B:$AM,8,0)=0,"",VLOOKUP($D69,'Medicine outputs'!$B:$AM,8,0)),"") -> Leukemia, Lymphocytic, Chronic, B-Cell | G69: =IFERROR(IF(VLOOKUP($D69,'Medicine outputs'!$B:$AM,13,0)=0,"",VLOOKUP($D69,'Medicine outputs'!$B:$AM,13,0)),"") -> Antineoplastic agents, protein kinase inhibitors | H69: =IFERROR(IF(VLOOKUP($D69,'Medicine outputs'!$B:$AM,11,0)=0,"",VLOOKUP($D69,'Medicine outputs'!$B:$AM,11,0)),"") -> L01EL02 | I69: NA | J69: =IF(OR(LEFT(H69,3)="L01",LEFT(H69,3)="L02",LEFT(I69,3)="L01",LEFT(I69,3)="L02"),"Yes","No") -> Yes | K69: https://www.ema.europa.eu/en/documents/assessment-report/calquence-epar-public-assessment-report_en.pdf | L69: EMEA/H/C/005299/0000 | M69: Calquence as monotherapy or in combination with obinutuzumab is indicated for the treatment of adult patients with previously untreated chronic lymphocytic leukaemia (CLL). Calquence as monotherapy is indicated for the treatment of adult patients with chronic lymphocytic leukaemia (CLL) who have received at least one prior therapy. | N69: Yes | O69: No | P69: =IF(OR(J69="No",N69="No",O69="Yes",Q69<>"NA"),"No","Yes") -> Yes | Q69: NA | R69: 1 | S69: ACE-CL-007 | T69: NCT02475681 | U69: 2015-004454-17
A70: 44013 | B70: https://www.ema.europa.eu/en/news/meeting-highlights-committee-medicinal-products-human-use-chmp-20-23-july-2020 | C70: New medicines | D70: Jyseleca | E70: =IFERROR(IF(VLOOKUP($D70,'Medicine outputs'!$B:$AM,6,0)=0,"",VLOOKUP($D70,'Medicine outputs'!$B:$AM,6,0)),"") -> filgotinib | F70: =IFERROR(IF(VLOOKUP($D70,'Medicine outputs'!$B:$AM,8,0)=0,"",VLOOKUP($D70,'Medicine outputs'!$B:$AM,8,0)),"") -> Arthritis, Rheumatoid | G70: =IFERROR(IF(VLOOKUP($D70,'Medicine outputs'!$B:$AM,13,0)=0,"",VLOOKUP($D70,'Medicine outputs'!$B:$AM,13,0)),"") -> Immunosuppressants | H70: =IFERROR(IF(VLOOKUP($D70,'Medicine outputs'!$B:$AM,11,0)=0,"",VLOOKUP($D70,'Medicine outputs'!$B:$AM,11,0)),"") -> L04AF04 | I70: NA | J70: =IF(OR(LEFT(H70,3)="L01",LEFT(H70,3)="L02",LEFT(I70,3)="L01",LEFT(I70,3)="L02"),"Yes","No") -> No | K70: NA | L70: NA | M70: NA | N70: NA | O70: NA | P70: =IF(OR(J70="No",N70="No",O70="Yes",Q70<>"NA"),"No","Yes") -> No | Q70: ATC code other than L01|L02 | R70: NA | S70: NA | T70: NA | U70: NA
A71: 44013 | B71: https://www.ema.europa.eu/en/news/meeting-highlights-committee-medicinal-products-human-use-chmp-20-23-july-2020 | C71: New medicines | D71: Zynrelef | E71: =IFERROR(IF(VLOOKUP($D71,'Medicine outputs'!$B:$AM,6,0)=0,"",VLOOKUP($D71,'Medicine outputs'!$B:$AM,6,0)),"") -> bupivacaine;meloxicam | F71: =IFERROR(IF(VLOOKUP($D71,'Medicine outputs'!$B:$AM,8,0)=0,"",VLOOKUP($D71,'Medicine outputs'!$B:$AM,8,0)),"") -> Pain, Postoperative | G71: =IFERROR(IF(VLOOKUP($D71,'Medicine outputs'!$B:$AM,13,0)=0,"",VLOOKUP($D71,'Medicine outputs'!$B:$AM,13,0)),"") -> Anesthetics | H71: =IFERROR(IF(VLOOKUP($D71,'Medicine outputs'!$B:$AM,11,0)=0,"",VLOOKUP($D71,'Medicine outputs'!$B:$AM,11,0)),"") -> N01B | I71: NA | J71: =IF(OR(LEFT(H71,3)="L01",LEFT(H71,3)="L02",LEFT(I71,3)="L01",LEFT(I71,3)="L02"),"Yes","No") -> No | K71: NA | L71: NA | M71: NA | N71: NA | O71: NA | P71: =IF(OR(J71="No",N71="No",O71="Yes",Q71<>"NA"),"No","Yes") -> No | Q71: ATC code other than L01|L02 | R71: NA | S71: NA | T71: NA | U71: NA
A72: 44013 | B72: https://www.ema.europa.eu/en/news/meeting-highlights-committee-medicinal-products-human-use-chmp-20-23-july-2020 | C72: Extensions of indications | D72: Crysvita | E72: =IFERROR(IF(VLOOKUP($D72,'Medicine outputs'!$B:$AM,6,0)=0,"",VLOOKUP($D72,'Medicine outputs'!$B:$AM,6,0)),"") -> burosumab | F72: =IFERROR(IF(VLOOKUP($D72,'Medicine outputs'!$B:$AM,8,0)=0,"",VLOOKUP($D72,'Medicine outputs'!$B:$AM,8,0)),"") -> Hypophosphatemia, Familial;Hypophosphatemic Rickets, X-Linked Dominant;Osteomalacia | G72: =IFERROR(IF(VLOOKUP($D72,'Medicine outputs'!$B:$AM,13,0)=0,"",VLOOKUP($D72,'Medicine outputs'!$B:$AM,13,0)),"") -> Drugs for treatment of bone diseases | H72: =IFERROR(IF(VLOOKUP($D72,'Medicine outputs'!$B:$AM,11,0)=0,"",VLOOKUP($D72,'Medicine outputs'!$B:$AM,11,0)),"") -> M05BX05 | I72: NA | J72: =IF(OR(LEFT(H72,3)="L01",LEFT(H72,3)="L02",LEFT(I72,3)="L01",LEFT(I72,3)="L02"),"Yes","No") -> No | K72: NA | L72: NA | M72: NA | N72: NA | O72: NA | P72: =IF(OR(J72="No",N72="No",O72="Yes",Q72<>"NA"),"No","Yes") -> No | Q72: ATC code other than L01|L02 | R72: NA | S72: NA | T72: NA | U72: NA
A73: 44013 | B73: https://www.ema.europa.eu/en/news/meeting-highlights-committee-medicinal-products-human-use-chmp-20-23-july-2020 | C73: Extensions of indications | D73: HyQvia | E73: =IFERROR(IF(VLOOKUP($D73,'Medicine outputs'!$B:$AM,6,0)=0,"",VLOOKUP($D73,'Medicine outputs'!$B:$AM,6,0)),"") -> human normal immunoglobulin | F73: =IFERROR(IF(VLOOKUP($D73,'Medicine outputs'!$B:$AM,8,0)=0,"",VLOOKUP($D73,'Medicine outputs'!$B:$AM,8,0)),"") -> Immunologic Deficiency Syndromes;Polyradiculoneuropathy;Polyradiculoneuropathy, Chronic Inflammatory Demyelinating | G73: =IFERROR(IF(VLOOKUP($D73,'Medicine outputs'!$B:$AM,13,0)=0,"",VLOOKUP($D73,'Medicine outputs'!$B:$AM,13,0)),"") -> Immune sera and immunoglobulins | H73: =IFERROR(IF(VLOOKUP($D73,'Medicine outputs'!$B:$AM,11,0)=0,"",VLOOKUP($D73,'Medicine outputs'!$B:$AM,11,0)),"") -> J06BA01 | I73: NA | J73: =IF(OR(LEFT(H73,3)="L01",LEFT(H73,3)="L02",LEFT(I73,3)="L01",LEFT(I73,3)="L02"),"Yes","No") -> No | K73: NA | L73: NA | M73: NA | N73: NA | O73: NA | P73: =IF(OR(J73="No",N73="No",O73="Yes",Q73<>"NA"),"No","Yes") -> No | Q73: ATC code other than L01|L02 | R73: NA | S73: NA | T73: NA | U73: NA
A74: 44013 | B74: https://www.ema.europa.eu/en/news/meeting-highlights-committee-medicinal-products-human-use-chmp-20-23-july-2020 | C74: Extensions of indications | D74: Imbruvica | E74: =IFERROR(IF(VLOOKUP($D74,'Medicine outputs'!$B:$AM,6,0)=0,"",VLOOKUP($D74,'Medicine outputs'!$B:$AM,6,0)),"") -> ibrutinib | F74: =IFERROR(IF(VLOOKUP($D74,'Medicine outputs'!$B:$AM,8,0)=0,"",VLOOKUP($D74,'Medicine outputs'!$B:$AM,8,0)),"") -> Lymphoma, Mantle-Cell;Leukemia, Lymphocytic, Chronic, B-Cell | G74: =IFERROR(IF(VLOOKUP($D74,'Medicine outputs'!$B:$AM,13,0)=0,"",VLOOKUP($D74,'Medicine outputs'!$B:$AM,13,0)),"") -> Antineoplastic agents;Protein kinase inhibitors | H74: =IFERROR(IF(VLOOKUP($D74,'Medicine outputs'!$B:$AM,11,0)=0,"",VLOOKUP($D74,'Medicine outputs'!$B:$AM,11,0)),"") -> L01EL01 | I74: NA | J74: =IF(OR(LEFT(H74,3)="L01",LEFT(H74,3)="L02",LEFT(I74,3)="L01",LEFT(I74,3)="L02"),"Yes","No") -> Yes | K74: https://www.ema.europa.eu/en/documents/variation-report/imbruvica-h-c-3791-ii-0059-epar-assessment-report-variation_en.pdf | L74: EMEA/H/C/003791/II/0059 | M74: Extension of indicationsto include Imbruvica as a single agent or in combination with rituximab or obinutuzumab is indicated for the treatment of adult patients with previously untreated chronic lymphocytic leukaemia (CLL) (see section 5.1). | N74: Yes | O74: No | P74: =IF(OR(J74="No",N74="No",O74="Yes",Q74<>"NA"),"No","Yes") -> Yes | Q74: NA | R74: 1 | S74: E1912 | T74: NCT02048813 | U74: NA
A75: 44013 | B75: https://www.ema.europa.eu/en/news/meeting-highlights-committee-medicinal-products-human-use-chmp-20-23-july-2020 | C75: Extensions of indications | D75: Imfinzi | E75: =IFERROR(IF(VLOOKUP($D75,'Medicine outputs'!$B:$AM,6,0)=0,"",VLOOKUP($D75,'Medicine outputs'!$B:$AM,6,0)),"") -> durvalumab | F75: =IFERROR(IF(VLOOKUP($D75,'Medicine outputs'!$B:$AM,8,0)=0,"",VLOOKUP($D75,'Medicine outputs'!$B:$AM,8,0)),"") -> Carcinoma, Non-Small-Cell Lung | G75: =IFERROR(IF(VLOOKUP($D75,'Medicine outputs'!$B:$AM,13,0)=0,"",VLOOKUP($D75,'Medicine outputs'!$B:$AM,13,0)),"") -> Antineoplastic agents | H75: =IFERROR(IF(VLOOKUP($D75,'Medicine outputs'!$B:$AM,11,0)=0,"",VLOOKUP($D75,'Medicine outputs'!$B:$AM,11,0)),"") -> L01XC28 | I75: NA | J75: =IF(OR(LEFT(H75,3)="L01",LEFT(H75,3)="L02",LEFT(I75,3)="L01",LEFT(I75,3)="L02"),"Yes","No") -> Yes | K75: https://www.ema.europa.eu/en/documents/variation-report/imfinzi-h-c-4771-ii-0014-g-epar-assessment-report-variation_en.pdf | L75: EMEA/H/C/004771/II/0014/G | M75: Extension of indications to include IMFINZI in combination with etoposide and either carboplatin or cisplatin is indicated for the first-line treatment of adults with extensive-stage small cell lung cancer (ES- SCLC). | N75: Yes | O75: No | P75: =IF(OR(J75="No",N75="No",O75="Yes",Q75<>"NA"),"No","Yes") -> Yes | Q75: NA | R75: 1 | S75: CASPIAN (study D419QC00001) | T75: NCT03043872 | U75: NA
A76: 44013 | B76: https://www.ema.europa.eu/en/news/meeting-highlights-committee-medicinal-products-human-use-chmp-20-23-july-2020 | C76: Extensions of indications | D76: Kalydeco | E76: =IFERROR(IF(VLOOKUP($D76,'Medicine outputs'!$B:$AM,6,0)=0,"",VLOOKUP($D76,'Medicine outputs'!$B:$AM,6,0)),"") -> ivacaftor | F76: =IFERROR(IF(VLOOKUP($D76,'Medicine outputs'!$B:$AM,8,0)=0,"",VLOOKUP($D76,'Medicine outputs'!$B:$AM,8,0)),"") -> Cystic Fibrosis | G76: =IFERROR(IF(VLOOKUP($D76,'Medicine outputs'!$B:$AM,13,0)=0,"",VLOOKUP($D76,'Medicine outputs'!$B:$AM,13,0)),"") -> Other respiratory system products | H76: =IFERROR(IF(VLOOKUP($D76,'Medicine outputs'!$B:$AM,11,0)=0,"",VLOOKUP($D76,'Medicine outputs'!$B:$AM,11,0)),"") -> R07AX02 | I76: NA | J76: =IF(OR(LEFT(H76,3)="L01",LEFT(H76,3)="L02",LEFT(I76,3)="L01",LEFT(I76,3)="L02"),"Yes","No") -> No | K76: NA | L76: NA | M76: NA | N76: NA | O76: NA | P76: =IF(OR(J76="No",N76="No",O76="Yes",Q76<>"NA"),"No","Yes") -> No | Q76: ATC code other than L01|L02 | R76: NA | S76: NA | T76: NA | U76: NA
A77: 44013 | B77: https://www.ema.europa.eu/en/news/meeting-highlights-committee-medicinal-products-human-use-chmp-20-23-july-2020 | C77: Extensions of indications | D77: Latuda | E77: =IFERROR(IF(VLOOKUP($D77,'Medicine outputs'!$B:$AM,6,0)=0,"",VLOOKUP($D77,'Medicine outputs'!$B:$AM,6,0)),"") -> lurasidone | F77: =IFERROR(IF(VLOOKUP($D77,'Medicine outputs'!$B:$AM,8,0)=0,"",VLOOKUP($D77,'Medicine outputs'!$B:$AM,8,0)),"") -> Schizophrenia | G77: =IFERROR(IF(VLOOKUP($D77,'Medicine outputs'!$B:$AM,13,0)=0,"",VLOOKUP($D77,'Medicine outputs'!$B:$AM,13,0)),"") -> Psycholeptics | H77: =IFERROR(IF(VLOOKUP($D77,'Medicine outputs'!$B:$AM,11,0)=0,"",VLOOKUP($D77,'Medicine outputs'!$B:$AM,11,0)),"") -> N05AE05 | I77: NA | J77: =IF(OR(LEFT(H77,3)="L01",LEFT(H77,3)="L02",LEFT(I77,3)="L01",LEFT(I77,3)="L02"),"Yes","No") -> No | K77: NA | L77: NA | M77: NA | N77: NA | O77: NA | P77: =IF(OR(J77="No",N77="No",O77="Yes",Q77<>"NA"),"No","Yes") -> No | Q77: ATC code other than L01|L02 | R77: NA | S77: NA | T77: NA | U77: NA
A78: 44013 | B78: https://www.ema.europa.eu/en/news/meeting-highlights-committee-medicinal-products-human-use-chmp-20-23-july-2020 | C78: Extensions of indications | D78: NovoThirteen | E78: =IFERROR(IF(VLOOKUP($D78,'Medicine outputs'!$B:$AM,6,0)=0,"",VLOOKUP($D78,'Medicine outputs'!$B:$AM,6,0)),"") -> catridecacog | F78: =IFERROR(IF(VLOOKUP($D78,'Medicine outputs'!$B:$AM,8,0)=0,"",VLOOKUP($D78,'Medicine outputs'!$B:$AM,8,0)),"") -> Blood Coagulation Disorders, Inherited | G78: =IFERROR(IF(VLOOKUP($D78,'Medicine outputs'!$B:$AM,13,0)=0,"",VLOOKUP($D78,'Medicine outputs'!$B:$AM,13,0)),"") -> Antihemorrhagics | H78: =IFERROR(IF(VLOOKUP($D78,'Medicine outputs'!$B:$AM,11,0)=0,"",VLOOKUP($D78,'Medicine outputs'!$B:$AM,11,0)),"") -> B02BD11 | I78: NA | J78: =IF(OR(LEFT(H78,3)="L01",LEFT(H78,3)="L02",LEFT(I78,3)="L01",LEFT(I78,3)="L02"),"Yes","No") -> No | K78: NA | L78: NA | M78: NA | N78: NA | O78: NA | P78: =IF(OR(J78="No",N78="No",O78="Yes",Q78<>"NA"),"No","Yes") -> No | Q78: ATC code other than L01|L02 | R78: NA | S78: NA | T78: NA | U78: NA
A79: 44013 | B79: https://www.ema.europa.eu/en/news/meeting-highlights-committee-medicinal-products-human-use-chmp-20-23-july-2020 | C79: Extensions of indications | D79: Prezista | E79: =IFERROR(IF(VLOOKUP($D79,'Medicine outputs'!$B:$AM,6,0)=0,"",VLOOKUP($D79,'Medicine outputs'!$B:$AM,6,0)),"") -> darunavir | F79: =IFERROR(IF(VLOOKUP($D79,'Medicine outputs'!$B:$AM,8,0)=0,"",VLOOKUP($D79,'Medicine outputs'!$B:$AM,8,0)),"") -> HIV Infections | G79: =IFERROR(IF(VLOOKUP($D79,'Medicine outputs'!$B:$AM,13,0)=0,"",VLOOKUP($D79,'Medicine outputs'!$B:$AM,13,0)),"") -> Antivirals for systemic use | H79: =IFERROR(IF(VLOOKUP($D79,'Medicine outputs'!$B:$AM,11,0)=0,"",VLOOKUP($D79,'Medicine outputs'!$B:$AM,11,0)),"") -> J05AE10 | I79: NA | J79: =IF(OR(LEFT(H79,3)="L01",LEFT(H79,3)="L02",LEFT(I79,3)="L01",LEFT(I79,3)="L02"),"Yes","No") -> No | K79: NA | L79: NA | M79: NA | N79: NA | O79: NA | P79: =IF(OR(J79="No",N79="No",O79="Yes",Q79<>"NA"),"No","Yes") -> No | Q79: ATC code other than L01|L02 | R79: NA | S79: NA | T79: NA | U79: NA
A80: 44013 | B80: https://www.ema.europa.eu/en/news/meeting-highlights-committee-medicinal-products-human-use-chmp-20-23-july-2020 | C80: Extensions of indications | D80: Shingrix | E80: =IFERROR(IF(VLOOKUP($D80,'Medicine outputs'!$B:$AM,6,0)=0,"",VLOOKUP($D80,'Medicine outputs'!$B:$AM,6,0)),"") -> herpes zoster vaccine (recombinant, adjuvanted) | F80: =IFERROR(IF(VLOOKUP($D80,'Medicine outputs'!$B:$AM,8,0)=0,"",VLOOKUP($D80,'Medicine outputs'!$B:$AM,8,0)),"") -> Herpes Zoster | G80: =IFERROR(IF(VLOOKUP($D80,'Medicine outputs'!$B:$AM,13,0)=0,"",VLOOKUP($D80,'Medicine outputs'!$B:$AM,13,0)),"") -> Vaccines | H80: =IFERROR(IF(VLOOKUP($D80,'Medicine outputs'!$B:$AM,11,0)=0,"",VLOOKUP($D80,'Medicine outputs'!$B:$AM,11,0)),"") -> J07BK03 | I80: NA | J80: =IF(OR(LEFT(H80,3)="L01",LEFT(H80,3)="L02",LEFT(I80,3)="L01",LEFT(I80,3)="L02"),"Yes","No") -> No | K80: NA | L80: NA | M80: NA | N80: NA | O80: NA | P80: =IF(OR(J80="No",N80="No",O80="Yes",Q80<>"NA"),"No","Yes") -> No | Q80: ATC code other than L01|L02 | R80: NA | S80: NA | T80: NA | U80: NA
A81: 44075 | B81: https://www.ema.europa.eu/en/news/meeting-highlights-committee-medicinal-products-human-use-chmp-14-17-september-2020 | C81: New medicines | D81: Exparel liposomal | E81: =IFERROR(IF(VLOOKUP($D81,'Medicine outputs'!$B:$AM,6,0)=0,"",VLOOKUP($D81,'Medicine outputs'!$B:$AM,6,0)),"") -> bupivacaine | F81: =IFERROR(IF(VLOOKUP($D81,'Medicine outputs'!$B:$AM,8,0)=0,"",VLOOKUP($D81,'Medicine outputs'!$B:$AM,8,0)),"") -> Acute Pain | G81: =IFERROR(IF(VLOOKUP($D81,'Medicine outputs'!$B:$AM,13,0)=0,"",VLOOKUP($D81,'Medicine outputs'!$B:$AM,13,0)),"") -> Amides;Anesthetics, local | H81: =IFERROR(IF(VLOOKUP($D81,'Medicine outputs'!$B:$AM,11,0)=0,"",VLOOKUP($D81,'Medicine outputs'!$B:$AM,11,0)),"") -> N01BB01 | I81: NA | J81: =IF(OR(LEFT(H81,3)="L01",LEFT(H81,3)="L02",LEFT(I81,3)="L01",LEFT(I81,3)="L02"),"Yes","No") -> No | K81: NA | L81: NA | M81: NA | N81: NA | O81: NA | P81: =IF(OR(J81="No",N81="No",O81="Yes",Q81<>"NA"),"No","Yes") -> No | Q81: ATC code other than L01|L02 | R81: NA | S81: NA | T81: NA | U81: NA
A82: 44075 | B82: https://www.ema.europa.eu/en/news/meeting-highlights-committee-medicinal-products-human-use-chmp-14-17-september-2020 | C82: New medicines | D82: MenQuadfi | E82: =IFERROR(IF(VLOOKUP($D82,'Medicine outputs'!$B:$AM,6,0)=0,"",VLOOKUP($D82,'Medicine outputs'!$B:$AM,6,0)),"") -> meningococcal group A, C, W-135 and Y conjugate vaccine | F82: =IFERROR(IF(VLOOKUP($D82,'Medicine outputs'!$B:$AM,8,0)=0,"",VLOOKUP($D82,'Medicine outputs'!$B:$AM,8,0)),"") -> Meningitis, Meningococcal | G82: =IFERROR(IF(VLOOKUP($D82,'Medicine outputs'!$B:$AM,13,0)=0,"",VLOOKUP($D82,'Medicine outputs'!$B:$AM,13,0)),"") -> Vaccines | H82: =IFERROR(IF(VLOOKUP($D82,'Medicine outputs'!$B:$AM,11,0)=0,"",VLOOKUP($D82,'Medicine outputs'!$B:$AM,11,0)),"") -> J07AH08 | I82: NA | J82: =IF(OR(LEFT(H82,3)="L01",LEFT(H82,3)="L02",LEFT(I82,3)="L01",LEFT(I82,3)="L02"),"Yes","No") -> No | K82: NA | L82: NA | M82: NA | N82: NA | O82: NA | P82: =IF(OR(J82="No",N82="No",O82="Yes",Q82<>"NA"),"No","Yes") -> No | Q82: ATC code other than L01|L02 | R82: NA | S82: NA | T82: NA | U82: NA
A83: 44075 | B83: https://www.ema.europa.eu/en/news/meeting-highlights-committee-medicinal-products-human-use-chmp-14-17-september-2020 | C83: New medicines | D83: Nyxthracis (previously Obiltoxaximab SFL) | E83: =IFERROR(IF(VLOOKUP($D83,'Medicine outputs'!$B:$AM,6,0)=0,"",VLOOKUP($D83,'Medicine outputs'!$B:$AM,6,0)),"") -> obiltoxaximab | F83: =IFERROR(IF(VLOOKUP($D83,'Medicine outputs'!$B:$AM,8,0)=0,"",VLOOKUP($D83,'Medicine outputs'!$B:$AM,8,0)),"") -> Anthrax | G83: =IFERROR(IF(VLOOKUP($D83,'Medicine outputs'!$B:$AM,13,0)=0,"",VLOOKUP($D83,'Medicine outputs'!$B:$AM,13,0)),"") -> Immune sera and immunoglobulins | H83: =IFERROR(IF(VLOOKUP($D83,'Medicine outputs'!$B:$AM,11,0)=0,"",VLOOKUP($D83,'Medicine outputs'!$B:$AM,11,0)),"") -> J06BB22 | I83: NA | J83: =IF(OR(LEFT(H83,3)="L01",LEFT(H83,3)="L02",LEFT(I83,3)="L01",LEFT(I83,3)="L02"),"Yes","No") -> No | K83: NA | L83: NA | M83: NA | N83: NA | O83: NA | P83: =IF(OR(J83="No",N83="No",O83="Yes",Q83<>"NA"),"No","Yes") -> No | Q83: ATC code other than L01|L02 | R83: NA | S83: NA | T83: NA | U83: NA
A84: 44075 | B84: https://www.ema.europa.eu/en/news/meeting-highlights-committee-medicinal-products-human-use-chmp-14-17-september-2020 | C84: New medicines | D84: Supemtek Tetra (previously Supemtek) | E84: =IFERROR(IF(VLOOKUP($D84,'Medicine outputs'!$B:$AM,6,0)=0,"",VLOOKUP($D84,'Medicine outputs'!$B:$AM,6,0)),"") -> Quadrivalent influenza vaccine (recombinant, prepared in cell culture) | F84: =IFERROR(IF(VLOOKUP($D84,'Medicine outputs'!$B:$AM,8,0)=0,"",VLOOKUP($D84,'Medicine outputs'!$B:$AM,8,0)),"") -> Influenza, Human | G84: =IFERROR(IF(VLOOKUP($D84,'Medicine outputs'!$B:$AM,13,0)=0,"",VLOOKUP($D84,'Medicine outputs'!$B:$AM,13,0)),"") -> Vaccines | H84: =IFERROR(IF(VLOOKUP($D84,'Medicine outputs'!$B:$AM,11,0)=0,"",VLOOKUP($D84,'Medicine outputs'!$B:$AM,11,0)),"") -> J07BB02 | I84: NA | J84: =IF(OR(LEFT(H84,3)="L01",LEFT(H84,3)="L02",LEFT(I84,3)="L01",LEFT(I84,3)="L02"),"Yes","No") -> No | K84: NA | L84: NA | M84: NA | N84: NA | O84: NA | P84: =IF(OR(J84="No",N84="No",O84="Yes",Q84<>"NA"),"No","Yes") -> No | Q84: ATC code other than L01|L02 | R84: NA | S84: NA | T84: NA | U84: NA
A85: 44075 | B85: https://www.ema.europa.eu/en/news/meeting-highlights-committee-medicinal-products-human-use-chmp-14-17-september-2020 | C85: Extensions of indications | D85: Deltyba | E85: =IFERROR(IF(VLOOKUP($D85,'Medicine outputs'!$B:$AM,6,0)=0,"",VLOOKUP($D85,'Medicine outputs'!$B:$AM,6,0)),"") -> delamanid | F85: =IFERROR(IF(VLOOKUP($D85,'Medicine outputs'!$B:$AM,8,0)=0,"",VLOOKUP($D85,'Medicine outputs'!$B:$AM,8,0)),"") -> Tuberculosis, Multidrug-Resistant | G85: =IFERROR(IF(VLOOKUP($D85,'Medicine outputs'!$B:$AM,13,0)=0,"",VLOOKUP($D85,'Medicine outputs'!$B:$AM,13,0)),"") -> Antimycobacterials | H85: =IFERROR(IF(VLOOKUP($D85,'Medicine outputs'!$B:$AM,11,0)=0,"",VLOOKUP($D85,'Medicine outputs'!$B:$AM,11,0)),"") -> J04AK06 | I85: NA | J85: =IF(OR(LEFT(H85,3)="L01",LEFT(H85,3)="L02",LEFT(I85,3)="L01",LEFT(I85,3)="L02"),"Yes","No") -> No | K85: NA | L85: NA | M85: NA | N85: NA | O85: NA | P85: =IF(OR(J85="No",N85="No",O85="Yes",Q85<>"NA"),"No","Yes") -> No | Q85: ATC code other than L01|L02 | R85: NA | S85: NA | T85: NA | U85: NA
A86: 44075 | B86: https://www.ema.europa.eu/en/news/meeting-highlights-committee-medicinal-products-human-use-chmp-14-17-september-2020 | C86: Extensions of indications | D86: Flucelvax Tetra | E86: =IFERROR(IF(VLOOKUP($D86,'Medicine outputs'!$B:$AM,6,0)=0,"",VLOOKUP($D86,'Medicine outputs'!$B:$AM,6,0)),"") -> influenza vaccine (surface antigen, inactivated, prepared in cell cultures) | F86: =IFERROR(IF(VLOOKUP($D86,'Medicine outputs'!$B:$AM,8,0)=0,"",VLOOKUP($D86,'Medicine outputs'!$B:$AM,8,0)),"") -> Influenza, Human | G86: =IFERROR(IF(VLOOKUP($D86,'Medicine outputs'!$B:$AM,13,0)=0,"",VLOOKUP($D86,'Medicine outputs'!$B:$AM,13,0)),"") -> influenza, inactivated, split virus or surface antigen | H86: =IFERROR(IF(VLOOKUP($D86,'Medicine outputs'!$B:$AM,11,0)=0,"",VLOOKUP($D86,'Medicine outputs'!$B:$AM,11,0)),"") -> J07BB02 | I86: NA | J86: =IF(OR(LEFT(H86,3)="L01",LEFT(H86,3)="L02",LEFT(I86,3)="L01",LEFT(I86,3)="L02"),"Yes","No") -> No | K86: NA | L86: NA | M86: NA | N86: NA | O86: NA | P86: =IF(OR(J86="No",N86="No",O86="Yes",Q86<>"NA"),"No","Yes") -> No | Q86: ATC code other than L01|L02 | R86: NA | S86: NA | T86: NA | U86: NA
A87: 44075 | B87: https://www.ema.europa.eu/en/news/meeting-highlights-committee-medicinal-products-human-use-chmp-14-17-september-2020 | C87: Extensions of indications | D87: Fycompa | E87: =IFERROR(IF(VLOOKUP($D87,'Medicine outputs'!$B:$AM,6,0)=0,"",VLOOKUP($D87,'Medicine outputs'!$B:$AM,6,0)),"") -> perampanel | F87: =IFERROR(IF(VLOOKUP($D87,'Medicine outputs'!$B:$AM,8,0)=0,"",VLOOKUP($D87,'Medicine outputs'!$B:$AM,8,0)),"") -> Epilepsies, Partial | G87: =IFERROR(IF(VLOOKUP($D87,'Medicine outputs'!$B:$AM,13,0)=0,"",VLOOKUP($D87,'Medicine outputs'!$B:$AM,13,0)),"") -> Antiepileptics;Other antiepileptics | H87: =IFERROR(IF(VLOOKUP($D87,'Medicine outputs'!$B:$AM,11,0)=0,"",VLOOKUP($D87,'Medicine outputs'!$B:$AM,11,0)),"") -> N03AX22 | I87: NA | J87: =IF(OR(LEFT(H87,3)="L01",LEFT(H87,3)="L02",LEFT(I87,3)="L01",LEFT(I87,3)="L02"),"Yes","No") -> No | K87: NA | L87: NA | M87: NA | N87: NA | O87: NA | P87: =IF(OR(J87="No",N87="No",O87="Yes",Q87<>"NA"),"No","Yes") -> No | Q87: ATC code other than L01|L02 | R87: NA | S87: NA | T87: NA | U87: NA
... A89: 44075 | B89: https://www.ema.europa.eu/en/news/meeting-highlights-committee-medicinal-products-human-use-chmp-14-17-september-2020 | C89: Extensions of indications | D89: Kalydeco | E89: =IFERROR(IF(VLOOKUP($D89,'Medicine outputs'!$B:$AM,6,0)=0,"",VLOOKUP($D89,'Medicine outputs'!$B:$AM,6,0)),"") -> ivacaftor | F89: =IFERROR(IF(VLOOKUP($D89,'Medicine outputs'!$B:$AM,8,0)=0,"",VLOOKUP($D89,'Medicine outputs'!$B:$AM,8,0)),"") -> Cystic Fibrosis | G89: =IFERROR(IF(VLOOKUP($D89,'Medicine outputs'!$B:$AM,13,0)=0,"",VLOOKUP($D89,'Medicine outputs'!$B:$AM,13,0)),"") -> Other respiratory system products | H89: =IFERROR(IF(VLOOKUP($D89,'Medicine outputs'!$B:$AM,11,0)=0,"",VLOOKUP($D89,'Medicine outputs'!$B:$AM,11,0)),"") -> R07AX02 | I89: NA | J89: =IF(OR(LEFT(H89,3)="L01",LEFT(H89,3)="L02",LEFT(I89,3)="L01",LEFT(I89,3)="L02"),"Yes","No") -> No | K89: NA | L89: NA | M89: NA | N89: NA | O89: NA | P89: =IF(OR(J89="No",N89="No",O89="Yes",Q89<>"NA"),"No","Yes") -> No | Q89: ATC code other than L01|L02 | R89: NA | S89: NA | T89: NA | U89: NA
A90: 44075 | B90: https://www.ema.europa.eu/en/news/meeting-highlights-committee-medicinal-products-human-use-chmp-14-17-september-2020 | C90: Extensions of indications | D90: Lynparza | E90: =IFERROR(IF(VLOOKUP($D90,'Medicine outputs'!$B:$AM,6,0)=0,"",VLOOKUP($D90,'Medicine outputs'!$B:$AM,6,0)),"") -> olaparib | F90: =IFERROR(IF(VLOOKUP($D90,'Medicine outputs'!$B:$AM,8,0)=0,"",VLOOKUP($D90,'Medicine outputs'!$B:$AM,8,0)),"") -> Ovarian Neoplasms;Breast Neoplasms;Pancreatic Neoplasms;Prostatic Neoplasms, Castration-Resistant | G90: =IFERROR(IF(VLOOKUP($D90,'Medicine outputs'!$B:$AM,13,0)=0,"",VLOOKUP($D90,'Medicine outputs'!$B:$AM,13,0)),"") -> Antineoplastic agents | H90: =IFERROR(IF(VLOOKUP($D90,'Medicine outputs'!$B:$AM,11,0)=0,"",VLOOKUP($D90,'Medicine outputs'!$B:$AM,11,0)),"") -> L01XK01 | I90: NA | J90: =IF(OR(LEFT(H90,3)="L01",LEFT(H90,3)="L02",LEFT(I90,3)="L01",LEFT(I90,3)="L02"),"Yes","No") -> Yes | K90: https://www.ema.europa.eu/en/documents/variation-report/lynparza-h-c-3726-ii-0035-epar-assessment-report-variation_en.pdf | L90: EMEA/H/C/003726/II/0035 | M90: Extension of indicationsto include the use of Lynparza tablets in combination with bevacizumab for the maintenance treatment of adult patients with advanced (FIGO stages III and IV) high-grade epithelial ovarian, fallopian tube or primary peritoneal cancer who are in response (complete or partial) following completion of first-line platinum-based chemotherapy with bevacizumab. | N90: Yes | O90: No | P90: =IF(OR(J90="No",N90="No",O90="Yes",Q90<>"NA"),"No","Yes") -> Yes | Q90: NA | R90: 1 | S90: D0817C00003 (PAOLA-1) | T90: NCT02477644 | U90: NA
A91: 44075 | B91: https://www.ema.europa.eu/en/news/meeting-highlights-committee-medicinal-products-human-use-chmp-14-17-september-2020 | C91: Extensions of indications | D91: Lynparza | E91: =IFERROR(IF(VLOOKUP($D91,'Medicine outputs'!$B:$AM,6,0)=0,"",VLOOKUP($D91,'Medicine outputs'!$B:$AM,6,0)),"") -> olaparib | F91: =IFERROR(IF(VLOOKUP($D91,'Medicine outputs'!$B:$AM,8,0)=0,"",VLOOKUP($D91,'Medicine outputs'!$B:$AM,8,0)),"") -> Ovarian Neoplasms;Breast Neoplasms;Pancreatic Neoplasms;Prostatic Neoplasms, Castration-Resistant | G91: =IFERROR(IF(VLOOKUP($D91,'Medicine outputs'!$B:$AM,13,0)=0,"",VLOOKUP($D91,'Medicine outputs'!$B:$AM,13,0)),"") -> Antineoplastic agents | H91: =IFERROR(IF(VLOOKUP($D91,'Medicine outputs'!$B:$AM,11,0)=0,"",VLOOKUP($D91,'Medicine outputs'!$B:$AM,11,0)),"") -> L01XK01 | I91: NA | J91: =IF(OR(LEFT(H91,3)="L01",LEFT(H91,3)="L02",LEFT(I91,3)="L01",LEFT(I91,3)="L02"),"Yes","No") -> Yes | K91: https://www.ema.europa.eu/en/documents/variation-report/lynparza-h-c-3726-ii-0036-epar-assessment-report-variation_en.pdf | L91: EMEA/H/C/003726/II/0036 | M91: Extension of indicationsto include the use of Lynparza tablets as monotherapy for the treatment of adult patients with metastatic castration-resistant prostate cancer and homologous recombination repair gene mutations (germline and/or somatic) who have progressed following a prior new hormonal agent. | N91: Yes | O91: No | P91: =IF(OR(J91="No",N91="No",O91="Yes",Q91<>"NA"),"No","Yes") -> Yes | Q91: NA | R91: 1 | S91: D081DC00007 (PROfound) | T91: NCT02987543 | U91: NA
A92: 44075 | B92: https://www.ema.europa.eu/en/news/meeting-highlights-committee-medicinal-products-human-use-chmp-14-17-september-2020 | C92: Extensions of indications | D92: Olumiant | E92: =IFERROR(IF(VLOOKUP($D92,'Medicine outputs'!$B:$AM,6,0)=0,"",VLOOKUP($D92,'Medicine outputs'!$B:$AM,6,0)),"") -> baricitinib | F92: =IFERROR(IF(VLOOKUP($D92,'Medicine outputs'!$B:$AM,8,0)=0,"",VLOOKUP($D92,'Medicine outputs'!$B:$AM,8,0)),"") -> Arthritis, Rheumatoid | G92: =IFERROR(IF(VLOOKUP($D92,'Medicine outputs'!$B:$AM,13,0)=0,"",VLOOKUP($D92,'Medicine outputs'!$B:$AM,13,0)),"") -> Immunosuppressants | H92: =IFERROR(IF(VLOOKUP($D92,'Medicine outputs'!$B:$AM,11,0)=0,"",VLOOKUP($D92,'Medicine outputs'!$B:$AM,11,0)),"") -> L04AA37 | I92: NA | J92: =IF(OR(LEFT(H92,3)="L01",LEFT(H92,3)="L02",LEFT(I92,3)="L01",LEFT(I92,3)="L02"),"Yes","No") -> No | K92: NA | L92: NA | M92: NA | N92: NA | O92: NA | P92: =IF(OR(J92="No",N92="No",O92="Yes",Q92<>"NA"),"No","Yes") -> No | Q92: ATC code other than L01|L02 | R92: NA | S92: NA | T92: NA | U92: NA
A93: 44075 | B93: https://www.ema.europa.eu/en/news/meeting-highlights-committee-medicinal-products-human-use-chmp-14-17-september-2020 | C93: Extensions of indications | D93: Opdivo | E93: =IFERROR(IF(VLOOKUP($D93,'Medicine outputs'!$B:$AM,6,0)=0,"",VLOOKUP($D93,'Medicine outputs'!$B:$AM,6,0)),"") -> nivolumab | F93: =IFERROR(IF(VLOOKUP($D93,'Medicine outputs'!$B:$AM,8,0)=0,"",VLOOKUP($D93,'Medicine outputs'!$B:$AM,8,0)),"") -> Melanoma;Hodgkin Disease;Carcinoma, Renal Cell;Carcinoma, Non-Small-Cell Lung;Carcinoma, Transitional Cell;Squamous Cell Carcinoma of Head and Neck;Urologic Neoplasms;Mesothelioma;Colorectal Neoplasms | G93: =IFERROR(IF(VLOOKUP($D93,'Medicine outputs'!$B:$AM,13,0)=0,"",VLOOKUP($D93,'Medicine outputs'!$B:$AM,13,0)),"") -> Antineoplastic agents | H93: =IFERROR(IF(VLOOKUP($D93,'Medicine outputs'!$B:$AM,11,0)=0,"",VLOOKUP($D93,'Medicine outputs'!$B:$AM,11,0)),"") -> L01FF01 | I93: NA | J93: =IF(OR(LEFT(H93,3)="L01",LEFT(H93,3)="L02",LEFT(I93,3)="L01",LEFT(I93,3)="L02"),"Yes","No") -> Yes | K93: https://www.ema.europa.eu/en/documents/variation-report/opdivo-h-c-3985-ws-1783-epar-assessment-report-variation_en.pdf | L93: EMEA/H/C/WS1783 | M93: Extension of indications to include OPDIVO in combination with ipilimumab and 2 cycles of platinum-based chemotherapy is indicated for the first-line treatment of metastatic non-small cell lung cancer in adults whose tumours have no sensitising EGFR mutation or ALK translocation. | N93: Yes | O93: No | P93: =IF(OR(J93="No",N93="No",O93="Yes",Q93<>"NA"),"No","Yes") -> Yes | Q93: NA | R93: 1 | S93: CA2099LA | T93: NCT03215706 | U93: 2017-001195-35
A94: 44075 | B94: https://www.ema.europa.eu/en/news/meeting-highlights-committee-medicinal-products-human-use-chmp-14-17-september-2020 | C94: Extensions of indications | D94: Orfadin | E94: =IFERROR(IF(VLOOKUP($D94,'Medicine outputs'!$B:$AM,6,0)=0,"",VLOOKUP($D94,'Medicine outputs'!$B:$AM,6,0)),"") -> nitisinone | F94: =IFERROR(IF(VLOOKUP($D94,'Medicine outputs'!$B:$AM,8,0)=0,"",VLOOKUP($D94,'Medicine outputs'!$B:$AM,8,0)),"") -> Tyrosinemias | G94: =IFERROR(IF(VLOOKUP($D94,'Medicine outputs'!$B:$AM,13,0)=0,"",VLOOKUP($D94,'Medicine outputs'!$B:$AM,13,0)),"") -> Other alimentary tract and metabolism products | H94: =IFERROR(IF(VLOOKUP($D94,'Medicine outputs'!$B:$AM,11,0)=0,"",VLOOKUP($D94,'Medicine outputs'!$B:$AM,11,0)),"") -> A16AX04 | I94: NA | J94: =IF(OR(LEFT(H94,3)="L01",LEFT(H94,3)="L02",LEFT(I94,3)="L01",LEFT(I94,3)="L02"),"Yes","No") -> No | K94: NA | L94: NA | M94: NA | N94: NA | O94: NA | P94: =IF(OR(J94="No",N94="No",O94="Yes",Q94<>"NA"),"No","Yes") -> No | Q94: ATC code other than L01|L02 | R94: NA | S94: NA | T94: NA | U94: NA
A95: 44075 | B95: https://www.ema.europa.eu/en/news/meeting-highlights-committee-medicinal-products-human-use-chmp-14-17-september-2020 | C95: Extensions of indications | D95: Symkevi | E95: =IFERROR(IF(VLOOKUP($D95,'Medicine outputs'!$B:$AM,6,0)=0,"",VLOOKUP($D95,'Medicine outputs'!$B:$AM,6,0)),"") -> tezacaftor;ivacaftor | F95: =IFERROR(IF(VLOOKUP($D95,'Medicine outputs'!$B:$AM,8,0)=0,"",VLOOKUP($D95,'Medicine outputs'!$B:$AM,8,0)),"") -> Cystic Fibrosis | G95: =IFERROR(IF(VLOOKUP($D95,'Medicine outputs'!$B:$AM,13,0)=0,"",VLOOKUP($D95,'Medicine outputs'!$B:$AM,13,0)),"") -> Other respiratory system products | H95: =IFERROR(IF(VLOOKUP($D95,'Medicine outputs'!$B:$AM,11,0)=0,"",VLOOKUP($D95,'Medicine outputs'!$B:$AM,11,0)),"") -> R07AX31 | I95: NA | J95: =IF(OR(LEFT(H95,3)="L01",LEFT(H95,3)="L02",LEFT(I95,3)="L01",LEFT(I95,3)="L02"),"Yes","No") -> No | K95: NA | L95: NA | M95: NA | N95: NA | O95: NA | P95: =IF(OR(J95="No",N95="No",O95="Yes",Q95<>"NA"),"No","Yes") -> No | Q95: ATC code other than L01|L02 | R95: NA | S95: NA | T95: NA | U95: NA
A96: 44075 | B96: https://www.ema.europa.eu/en/news/meeting-highlights-committee-medicinal-products-human-use-chmp-14-17-september-2020 | C96: Extensions of indications | D96: Tecentriq | E96: =IFERROR(IF(VLOOKUP($D96,'Medicine outputs'!$B:$AM,6,0)=0,"",VLOOKUP($D96,'Medicine outputs'!$B:$AM,6,0)),"") -> atezolizumab | F96: =IFERROR(IF(VLOOKUP($D96,'Medicine outputs'!$B:$AM,8,0)=0,"",VLOOKUP($D96,'Medicine outputs'!$B:$AM,8,0)),"") -> Carcinoma, Transitional Cell;Carcinoma, Non-Small-Cell Lung;Urologic Neoplasms;Breast Neoplasms;Small Cell Lung Carcinoma | G96: =IFERROR(IF(VLOOKUP($D96,'Medicine outputs'!$B:$AM,13,0)=0,"",VLOOKUP($D96,'Medicine outputs'!$B:$AM,13,0)),"") -> Antineoplastic agents | H96: =IFERROR(IF(VLOOKUP($D96,'Medicine outputs'!$B:$AM,11,0)=0,"",VLOOKUP($D96,'Medicine outputs'!$B:$AM,11,0)),"") -> L01XC32 | I96: NA | J96: =IF(OR(LEFT(H96,3)="L01",LEFT(H96,3)="L02",LEFT(I96,3)="L01",LEFT(I96,3)="L02"),"Yes","No") -> Yes | K96: https://www.ema.europa.eu/en/documents/variation-report/tecentriq-h-c-004143-ii-0039-epar-assessment-report-variation_en.pdf | L96: EMEA/H/C/004143/II/0039 | M96: Extension of indications to include Hepatocellular carcinoma Tecentriq, in combination with bevacizumab, is indicated for the treatment of adult patients with advanced or unresectable hepatocellular carcinoma (HCC) who have not received prior systemic therapy (see section 5.1). | N96: Yes | O96: No | P96: =IF(OR(J96="No",N96="No",O96="Yes",Q96<>"NA"),"No","Yes") -> Yes | Q96: NA | R96: 1 | S96: IMbrave150 | T96: NCT03434379 | U96: NA
A97: 44075 | B97: https://www.ema.europa.eu/en/news/meeting-highlights-committee-medicinal-products-human-use-chmp-14-17-september-2020 | C97: Extensions of indications | D97: Velphoro | E97: =IFERROR(IF(VLOOKUP($D97,'Medicine outputs'!$B:$AM,6,0)=0,"",VLOOKUP($D97,'Medicine outputs'!$B:$AM,6,0)),"") -> sucroferric oxyhydroxide | F97: =IFERROR(IF(VLOOKUP($D97,'Medicine outputs'!$B:$AM,8,0)=0,"",VLOOKUP($D97,'Medicine outputs'!$B:$AM,8,0)),"") -> Hyperphosphatemia;Renal Dialysis | G97: =IFERROR(IF(VLOOKUP($D97,'Medicine outputs'!$B:$AM,13,0)=0,"",VLOOKUP($D97,'Medicine outputs'!$B:$AM,13,0)),"") -> Drugs for treatment of hyperkalemia and hyperphosphatemia | H97: =IFERROR(IF(VLOOKUP($D97,'Medicine outputs'!$B:$AM,11,0)=0,"",VLOOKUP($D97,'Medicine outputs'!$B:$AM,11,0)),"") -> V03AE05 | I97: NA | J97: =IF(OR(LEFT(H97,3)="L01",LEFT(H97,3)="L02",LEFT(I97,3)="L01",LEFT(I97,3)="L02"),"Yes","No") -> No | K97: NA | L97: NA | M97: NA | N97: NA | O97: NA | P97: =IF(OR(J97="No",N97="No",O97="Yes",Q97<>"NA"),"No","Yes") -> No | Q97: ATC code other than L01|L02 | R97: NA | S97: NA | T97: NA | U97: NA
A98: 44075 | B98: https://www.ema.europa.eu/en/news/meeting-highlights-committee-medicinal-products-human-use-chmp-14-17-september-2020 | C98: Extensions of indications | D98: Yervoy | E98: =IFERROR(IF(VLOOKUP($D98,'Medicine outputs'!$B:$AM,6,0)=0,"",VLOOKUP($D98,'Medicine outputs'!$B:$AM,6,0)),"") -> ipilimumab | F98: =IFERROR(IF(VLOOKUP($D98,'Medicine outputs'!$B:$AM,8,0)=0,"",VLOOKUP($D98,'Medicine outputs'!$B:$AM,8,0)),"") -> Melanoma;Carcinoma, Renal Cell;Carcinoma, Non-Small-Cell Lung;Mesothelioma, Malignant;Colorectal Neoplasms | G98: =IFERROR(IF(VLOOKUP($D98,'Medicine outputs'!$B:$AM,13,0)=0,"",VLOOKUP($D98,'Medicine outputs'!$B:$AM,13,0)),"") -> Antineoplastic agents | H98: =IFERROR(IF(VLOOKUP($D98,'Medicine outputs'!$B:$AM,11,0)=0,"",VLOOKUP($D98,'Medicine outputs'!$B:$AM,11,0)),"") -> L01FX04 | I98: NA | J98: =IF(OR(LEFT(H98,3)="L01",LEFT(H98,3)="L02",LEFT(I98,3)="L01",LEFT(I98,3)="L02"),"Yes","No") -> Yes | K98: https://www.ema.europa.eu/en/documents/variation-report/yervoy-h-c-ws-1783-epar-assessment-report-variation_en.pdf | L98: EMEA/H/C/WS1783 | M98: Extension of indications to include Non-Small Cell Lung Cancer (NSCLC) YERVOY in combination with nivolumab and 2 cycles of platinum-based chemotherapy is indicated for the first-line treatment of metastatic non-small cell lung cancer in adults whose tumours have no sensitising EGFR mutation or ALK translocation. | N98: Yes | O98: No | P98: =IF(OR(J98="No",N98="No",O98="Yes",Q98<>"NA"),"No","Yes") -> Yes | Q98: NA | R98: 1 | S98: CA2099LA | T98: NCT03215706 | U98: NA
A99: 44075 | B99: https://www.ema.europa.eu/en/news/meeting-highlights-committee-medicinal-products-human-use-chmp-14-17-september-2020 | C99: Extensions of indications | D99: Zavicefta | E99: =IFERROR(IF(VLOOKUP($D99,'Medicine outputs'!$B:$AM,6,0)=0,"",VLOOKUP($D99,'Medicine outputs'!$B:$AM,6,0)),"") -> ceftazidime;avibactam | F99: =IFERROR(IF(VLOOKUP($D99,'Medicine outputs'!$B:$AM,8,0)=0,"",VLOOKUP($D99,'Medicine outputs'!$B:$AM,8,0)),"") -> Pneumonia, Bacterial;Soft Tissue Infections;Pneumonia;Urinary Tract Infections;Gram-Negative Bacterial Infections | G99: =IFERROR(IF(VLOOKUP($D99,'Medicine outputs'!$B:$AM,13,0)=0,"",VLOOKUP($D99,'Medicine outputs'!$B:$AM,13,0)),"") -> Antibacterials for systemic use | H99: =IFERROR(IF(VLOOKUP($D99,'Medicine outputs'!$B:$AM,11,0)=0,"",VLOOKUP($D99,'Medicine outputs'!$B:$AM,11,0)),"") -> J01DD52 | I99: NA | J99: =IF(OR(LEFT(H99,3)="L01",LEFT(H99,3)="L02",LEFT(I99,3)="L01",LEFT(I99,3)="L02"),"Yes","No") -> No | K99: NA | L99: NA | M99: NA | N99: NA | O99: NA | P99: =IF(OR(J99="No",N99="No",O99="Yes",Q99<>"NA"),"No","Yes") -> No | Q99: ATC code other than L01|L02 | R99: NA | S99: NA | T99: NA | U99: NA
A100: 44075 | B100: https://www.ema.europa.eu/en/news/meeting-highlights-committee-medicinal-products-human-use-chmp-14-17-september-2020 | C100: Extensions of indications | D100: Zejula | E100: =IFERROR(IF(VLOOKUP($D100,'Medicine outputs'!$B:$AM,6,0)=0,"",VLOOKUP($D100,'Medicine outputs'!$B:$AM,6,0)),"") -> niraparib | F100: =IFERROR(IF(VLOOKUP($D100,'Medicine outputs'!$B:$AM,8,0)=0,"",VLOOKUP($D100,'Medicine outputs'!$B:$AM,8,0)),"") -> Fallopian Tube Neoplasms;Peritoneal Neoplasms;Ovarian Neoplasms | G100: =IFERROR(IF(VLOOKUP($D100,'Medicine outputs'!$B:$AM,13,0)=0,"",VLOOKUP($D100,'Medicine outputs'!$B:$AM,13,0)),"") -> Antineoplastic agents | H100: =IFERROR(IF(VLOOKUP($D100,'Medicine outputs'!$B:$AM,11,0)=0,"",VLOOKUP($D100,'Medicine outputs'!$B:$AM,11,0)),"") -> L01XK02 | I100: NA | J100: =IF(OR(LEFT(H100,3)="L01",LEFT(H100,3)="L02",LEFT(I100,3)="L01",LEFT(I100,3)="L02"),"Yes","No") -> Yes | K100: https://www.ema.europa.eu/en/documents/variation-report/zejula-h-c-003943-ii-0019-epar-assessment-report-variation_en.pdf | L100: EMEA/H/C/004249/II/0019 | M100: Extension of indications to include Zejula as monotherapy for the maintenance treatment of adult patients with advanced epithelial (FIGO Stages III and IV) high-grade ovarian, fallopian tube or primary peritoneal cancer who are in response (complete or partial) following completion of first-line platinum-based chemotherapy. | N100: Yes | O100: No | P100: =IF(OR(J100="No",N100="No",O100="Yes",Q100<>"NA"),"No","Yes") -> Yes | Q100: NA | R100: 1 | S100: PR-30-5017-C (PRIMA) | T100: NCT02655016 | U100: NA
A101: 44105 | B101: https://www.ema.europa.eu/en/news/meeting-highlights-committee-medicinal-products-human-use-chmp-12-15-october-2020 | C101: New medicines | D101: Fintepla | E101: =IFERROR(IF(VLOOKUP($D101,'Medicine outputs'!$B:$AM,6,0)=0,"",VLOOKUP($D101,'Medicine outputs'!$B:$AM,6,0)),"") -> fenfluramine | F101: =IFERROR(IF(VLOOKUP($D101,'Medicine outputs'!$B:$AM,8,0)=0,"",VLOOKUP($D101,'Medicine outputs'!$B:$AM,8,0)),"") -> Epilepsies, Myoclonic | G101: =IFERROR(IF(VLOOKUP($D101,'Medicine outputs'!$B:$AM,13,0)=0,"",VLOOKUP($D101,'Medicine outputs'!$B:$AM,13,0)),"") -> Antiepileptics | H101: =IFERROR(IF(VLOOKUP($D101,'Medicine outputs'!$B:$AM,11,0)=0,"",VLOOKUP($D101,'Medicine outputs'!$B:$AM,11,0)),"") -> N03 | I101: NA | J101: =IF(OR(LEFT(H101,3)="L01",LEFT(H101,3)="L02",LEFT(I101,3)="L01",LEFT(I101,3)="L02"),"Yes","No") -> No | K101: NA | L101: NA | M101: NA | N101: NA | O101: NA | P101: =IF(OR(J101="No",N101="No",O101="Yes",Q101<>"NA"),"No","Yes") -> No | Q101: ATC code other than L01|L02 | R101: NA | S101: NA | T101: NA | U101: NA
...

Sheet Medicine outputs
A1: Content type: | B1: Medicine | C1: Output automatically generated from content on www.ema.europa.eu on: | D1: 26/03/2025 - 18:00
A9: Category | B9: Name of medicine | C9: EMA product number | D9: Medicine status | E9: Opinion status | F9: Latest procedure affecting product information | G9: International non-proprietary name (INN) / common name | H9: Active substance | I9: Therapeutic area (MeSH) | J9: Species (veterinary) | K9: Patient safety | L9: ATC code (human) | M9: ATCvet code (veterinary) | N9: Pharmacotherapeutic group (human) | O9: Pharmacotherapeutic group (veterinary) | P9: Therapeutic indication | Q9: Accelerated assessment | R9: Additional monitoring | S9: Advanced therapy | T9: Biosimilar | U9: Conditional approval | V9: Exceptional circumstances | W9: Generic or hybrid | X9: Orphan medicine | Y9: PRIME: priority medicine | Z9: Marketing authorisation developer / applicant / holder | AA9: European Commission decision date | AB9: Start of rolling review date | AC9: Start of evaluation date | AD9: Opinion adopted date | AE9: Withdrawal of application date | AF9: Marketing authorisation date | AG9: Refusal of marketing authorisation date | AH9: Withdrawal / expiry / revocation / lapse of marketing authorisation date | AI9: Suspension of marketing authorisation date | AJ9: Revision number | AK9: First published date | AL9: Last updated date | AM9: Medicine URL
A10: Human | B10: Korjuny | C10: EMEA/H/C/005697 | D10: Authorised | F10: VR/0000255947 | G10: catumaxomab | H10: catumaxomab | I10: Ascites | K10: No | L10: L01FX03 | N10: Antineoplastic agents | P10: Korjuny is indicated for the intraperitoneal treatment of malignant ascites in adults with epithelial cellular adhesion molecule (EpCAM)-positive carcinomas, who are not eligible for further systemic anticancer therapy. | Q10: No | R10: No | S10: No | T10: No | U10: No | V10: No | W10: No | X10: No | Y10: No | Z10: Lindis Biotech GmbH | AA10: 26/03/2025 | AD10: 17/10/2024 | AF10: 10/02/2025 | AJ10: 1 | AK10: 18/10/2024 | AL10: 26/03/2025 | AM10: https://www.ema.europa.eu/en/medicines/human/EPAR/korjuny
A11: Human | B11: Vegzelma | C11: EMEA/H/C/005534 | D11: Authorised | F11: VR/0000258086 | G11: bevacizumab | H11: bevacizumab | I11: Colorectal Neoplasms;Breast Neoplasms;Ovarian Neoplasms;Fallopian Tube Neoplasms;Peritoneal Neoplasms;Carcinoma, Non-Small-Cell Lung;Carcinoma, Renal Cell;Uterine Cervical Neoplasms | K11: No | L11: L01XC07 | N11: Antineoplastic agents | P11: VEGZELMA in combination with fluoropyrimidine based chemotherapy is indicated for treatment of adult patients with metastatic carcinoma of the colon or rectum. VEGZELMA in combination with paclitaxel is indicated for first line treatment of adult patients with metastatic breast cancer. For further information as to human epidermal growth factor receptor 2 (HER2) status, please refer to section 5.1. VEGZELMA in combination with capecitabine is indicated for first line treatment of adult patients with metastatic breast cancer in whom treatment with other chemotherapy options including taxanes or anthracyclines is not considered appropriate. Patients who have received taxane and anthracycline containing regimens in the adjuvant setting within the last 12 months should be excluded from treatment with VEGZELMA in combination with capecitabine. For further information as to HER2 status, please refer to section 5.1. VEGZELMA, in addition to platinum based chemotherapy, is indicated for first line treatment of adult patients with unresectable advanced, metastatic or recurrent non small cell lung cancer (NSCLC) other than predominantly squamous cell histology. VEGZELMA, in combination with erlotinib, is indicated for first line treatment of adult patients with unresectable advanced, metastatic or recurrent NSCLC with Epidermal Growth Factor Receptor (EGFR) activating mutations (see section 5.1). VEGZELMA, in combination with interferon alfa 2a is indicated for first line treatment of adult patients with advanced and/or metastatic renal cell cancer. VEGZELMA, in combination with carboplatin and paclitaxel is indicated for the front line treatment of adult patients with advanced (International Federation of Gynecology and Obstetrics (FIGO) stages III B, III C and IV) epithelial ovarian, fallopian tube, or primary peritoneal cancer (see section 5.1). VEGZELMA, in combination with carboplatin and gemcitabine or in combination with carboplatin and paclitaxel, is indicated for treatment of adult patients with first recurrence of platinum sensitive epithelial ovarian, fallopian tube or primary peritoneal cancer who have not received prior therapy with bevacizumab or other vascular endothelial growth factor (VEGF) inhibitors or VEGF receptor–targeted agents. VEGZELMA in combination with paclitaxel, topotecan, or pegylated liposomal doxorubicin is indicated for the treatment of adult patients with platinum resistant recurrent epithelial ovarian, fallopian tube, or primary peritoneal cancer who received no more than two prior chemotherapy regimens and who have not received prior therapy with bevacizumab or other VEGF inhibitors or VEGF receptor–targeted agents (see section 5.1). VEGZELMA, in combination with paclitaxel and cisplatin or, alternatively, paclitaxel and topotecan in patients who cannot receive platinum therapy, is indicated for the treatment of adult patients with persistent, recurrent, or metastatic carcinoma of the cervix (see section 5.1). | Q11: No | R11: Yes | S11: No | T11: Yes | U11: No | V11: No | W11: No | X11: No | Y11: No | Z11: Celltrion Healthcare Hungary Kft. | AA11: 26/03/2025 | AD11: 23/06/2022 | AF11: 17/08/2022 | AJ11: 10 | AK11: 20/06/2022 | AL11: 26/03/2025 | AM11: https://www.ema.europa.eu/en/medicines/human/EPAR/vegzelma
A12: Human | B12: Cosentyx | C12: EMEA/H/C/003729 | D12: Authorised | F12: II/0127 | G12: secukinumab | H12: Secukinumab | I12: Arthritis, Psoriatic;Psoriasis;Spondylitis, Ankylosing | K12: No | L12: L04AC10 | N12: Immunosuppressants | P12: Plaque psoriasis Cosentyx is indicated for the treatment of moderate to severe plaque psoriasis in adults and children from the age of 6 years old who are candidates for systemic therapy. Hidradenitis suppurativa (HS) Cosentyx is indicated for the treatment of active moderate to severe hidradenitis suppurativa (acne inversa) in adults with an inadequate response to conventional systemic HS therapy. Psoriatic arthritis Cosentyx, alone or in combination with methotrexate (MTX), is indicated for the treatment of active psoriatic arthritis in adult patients when the response to previous disease modifying anti rheumatic drug (DMARD) therapy has been inadequate. Axial spondyloarthritis (axSpA) Ankylosing spondylitis (AS, radiographic axial spondyloarthritis) Cosentyx is indicated for the treatment of active ankylosing spondylitis in adults who have responded inadequately to conventional therapy. Non-radiographic axial spondyloarthritis (nr-axSpA) Cosentyx is indicated for the treatment of active non-radiographic axial spondyloarthritis with objective signs of inflammation as indicated by elevated C-reactive protein (CRP) and/or magnetic resonance imaging (MRI) evidence in adults who have responded inadequately to non steroidal anti inflammatory drugs (NSAIDs). Juvenile idiopathic arthritis (JIA) Enthesitis-related arthritis (ERA) Cosentyx, alone or in combination with methotrexate (MTX), is indicated for the treatment of active enthesitis-related arthritis in patients 6 years and older whose disease has responded inadequately to, or who cannot tolerate, conventional therapy. Juvenile psoriatic arthritis (JPsA) Cosentyx, alone or in combination with methotrexate (MTX), is indicated for the treatment of active juvenile psoriatic arthritis in patients 6 years and older whose disease has responded inadequately to, or who cannot tolerate, conventional therapy. | Q12: No | R12: No | S12: No | T12: No | U12: No | V12: No | W12: No | X12: No | Y12: No | Z12: Novartis Europharm Limited | AA12: 13/02/2025 | AD12: 20/11/2014 | AF12: 14/01/2015 | AJ12: 40 | AK12: 07/06/2018 | AL12: 26/03/2025 | AM12: https://www.ema.europa.eu/en/medicines/human/EPAR/cosentyx
A13: Human | B13: Columvi | C13: EMEA/H/C/005751 | D13: Authorised | F13: VR/0000249350 | G13: glofitamab | H13: Glofitamab | I13: Lymphoma, Large B-Cell, Diffuse | K13: No | L13: L01FX28 | N13: Antineoplastic agents | P13: Columvi as monotherapy is indicated for the treatment of adult patients with relapsed or refractory diffuse large B cell lymphoma (DLBCL), after two or more lines of systemic therapy. | Q13: No | R13: Yes | S13: No | T13: No | U13: Yes | V13: No | W13: No | X13: Yes | Y13: No | Z13: Roche Registration GmbH | AA13: 26/03/2025 | AD13: 26/04/2023 | AF13: 07/07/2023 | AJ13: 4 | AK13: 18/07/2023 | AL13: 26/03/2025 | AM13: https://www.ema.europa.eu/en/medicines/human/EPAR/columvi
A14: Human | B14: Kadcyla | C14: EMEA/H/C/002389 | D14: Authorised | F14: II/0071/G | G14: trastuzumab emtansine | H14: trastuzumab emtansine | I14: Breast Neoplasms | K14: No | L14: L01XC14 | N14: Antineoplastic agents | P14: Early Breast Cancer (EBC) Kadcyla, as a single agent, is indicated for the adjuvant treatment of adult patients with HER2-positive early breast cancer who have residual invasive disease, in the breast and/or lymph nodes, after neoadjuvant taxane-based and HER2-targeted therapy. Metastatic Breast Cancer (MBC) Kadcyla, as a single agent, is indicated for the treatment of adult patients with HER2-positive, unresectable locally advanced or metastatic breast cancer who previously received trastuzumab and a taxane, separately or in combination. Patients should have either: Received prior therapy for locally advanced or metastatic disease, or Developed disease recurrence during or within six months of completing adjuvant therapy. | Q14: No | R14: No | S14: No | T14: No | U14: No | V14: No | W14: No | X14: No | Y14: No | Z14: Roche Registration GmbH | AA14: 20/02/2025 | AD14: 19/09/2013 | AF14: 15/11/2013 | AJ14: 16 | AK14: 19/12/2013 | AL14: 26/03/2025 | AM14: https://www.ema.europa.eu/en/medicines/human/EPAR/kadcyla
A15: Human | B15: Lopinavir/Ritonavir Viatris (previously Ritonavir Mylan) | C15: EMEA/H/C/004025 | D15: Authorised | F15: N/0000256687 | G15: lopinavir;ritonavir | H15: lopinavir;ritonavir | I15: HIV Infections | K15: No | L15: J05AR10 | N15: Antivirals for systemic use | P15: Lopinavir/ritonavir is indicated in combination with other antiretroviral medicinal products for the treatment of human immunodeficiency virus (HIV-1) infected adults, adolescents and children above the age of 2 years. The choice of lopinavir/ritonavir to treat protease inhibitor experienced HIV-1 infected patients should be based on individual viral resistance testing and treatment history of patients. | Q15: No | R15: No | S15: No | T15: No | U15: No | V15: No | W15: Yes | X15: No | Y15: No | Z15: Viatris Limited | AA15: 26/03/2025 | AD15: 19/11/2015 | AF15: 14/01/2016 | AJ15: 21 | AK15: 14/06/2018 | AL15: 26/03/2025 | AM15: https://www.ema.europa.eu/en/medicines/human/EPAR/lopinavir-ritonavir-viatris
A16: Human | B16: Uplizna | C16: EMEA/H/C/005818 | D16: Authorised | F16: IAIN/0013 | G16: inebilizumab | H16: Inebilizumab | I16: Neuromyelitis Optica | K16: No | L16: L04AA | N16: Immunosuppressants | P16: Uplizna is indicated as monotherapy for the treatment of adult patients with neuromyelitis optica spectrum disorders (NMOSD) who are anti-aquaporin 4 immunoglobulin G (AQP4-IgG) seropositive (see section 5.1). | Q16: No | R16: Yes | S16: No | T16: No | U16: No | V16: No | W16: No | X16: No | Y16: No | Z16: Horizon Therapeutics Ireland DAC | AA16: 13/01/2025 | AD16: 11/11/2021 | AF16: 25/04/2022 | AJ16: 5 | AK16: 11/11/2021 | AL16: 26/03/2025 | AM16: https://www.ema.europa.eu/en/medicines/human/EPAR/uplizna
A17: Human | B17: Nimvastid | C17: EMEA/H/C/001029 | D17: Authorised | F17: VR/0000253876 | G17: rivastigmine | H17: rivastigmine | I17: Dementia;Alzheimer Disease;Parkinson Disease | K17: No | L17: N06DA03 | N17: Psychoanaleptics | P17: Symptomatic treatment of mild to moderately severe Alzheimer's dementia. Symptomatic treatment of mild to moderately severe dementia in patients with idiopathic Parkinson's disease. | Q17: No | R17: No | S17: No | T17: No | U17: No | V17: No | W17: Yes | X17: No | Y17: No | Z17: Krka, d.d., Novo mesto | AA17: 26/03/2025 | AF17: 11/05/2009 | AJ17: 12 | AK17: 18/01/2018 | AL17: 26/03/2025 | AM17: https://www.ema.europa.eu/en/medicines/human/EPAR/nimvastid
A18: Human | B18: Samsca | C18: EMEA/H/C/000980 | D18: Authorised | F18: II/0051 | G18: tolvaptan | H18: Tolvaptan | I18: Inappropriate ADH Syndrome | K18: No | L18: C03XA01 | N18: Diuretics | P18: Treatment of adult patients with hyponatraemia secondary to syndrome of inappropriate antidiuretic-hormone secretion (SIADH). | Q18: No | R18: No | S18: No | T18: No | U18: No | V18: No | W18: No | X18: No | Y18: No | Z18: Otsuka Pharmaceutical Netherlands B.V. | AA18: 13/02/2025 | AD18: 28/05/2009 | AF18: 02/08/2009 | AJ18: 16 | AK18: 29/06/2018 | AL18: 26/03/2025 | AM18: https://www.ema.europa.eu/en/medicines/human/EPAR/samsca
A19: Human | B19: Xenpozyme | C19: EMEA/H/C/004850 | D19: Authorised | F19: II/0013/G | G19: olipudase alfa | H19: Olipudase alfa | I19: Acid sphingomyelinase deficiency (ASMD) type A/B or type B | K19: No | L19: A16AB25 | N19: Other alimentary tract and metabolism products | P19: Xenpozyme is indicated as an enzyme replacement therapy for the treatment of non-Central Nervous System (CNS) manifestations of Acid Sphingomyelinase Deficiency (ASMD) in paediatric and adult patients with type A/B or type B. | Q19: No | R19: Yes | S19: No | T19: No | U19: No | V19: No | W19: No | X19: Yes | Y19: Yes | Z19: Sanofi B.V. | AA19: 13/02/2025 | AD19: 19/05/2022 | AF19: 24/06/2022 | AJ19: 6 | AK19: 20/05/2022 | AL19: 26/03/2025 | AM19: https://www.ema.europa.eu/en/medicines/human/EPAR/xenpozyme
A20: Human | B20: Nyxoid | C20: EMEA/H/C/004325 | D20: Authorised | F20: N/0000253983 | G20: naloxone | H20: Naloxone hydrochloride dihydrate | I20: Opiate Overdose | K20: No | L20: V03AB15 | N20: All other therapeutic products | P20: Nyxoid is intended for immediate administration as emergency therapy for known or suspected opioid overdose as manifested by respiratory and/or central nervous system depression in both non-medical and healthcare settings. Nyxoid is indicated in adults and adolescents aged 14 years and over. Nyxoid is not a substitute for emergency medical care. | Q20: No | R20: No | S20: No | T20: No | U20: No | V20: No | W20: No | X20: No | Y20: No | Z20: Mundipharma Corporation (Ireland) Limited | AA20: 25/03/2025 | AF20: 09/11/2017 | AJ20: 9 | AK20: 10/01/2018 | AL20: 26/03/2025 | AM20: https://www.ema.europa.eu/en/medicines/human/EPAR/nyxoid
A21: Human | B21: Cyramza | C21: EMEA/H/C/002829 | D21: Authorised | F21: VR/0000221685 | G21: ramucirumab | H21: Ramucirumab | I21: Stomach Neoplasms | K21: No | L21: L01FX06 | N21: Antineoplastic agents | P21: Gastric cancer Cyramza in combination with paclitaxel is indicated for the treatment of adult patients with advanced gastric cancer or gastro-oesophageal junction adenocarcinoma with disease progression after prior platinum and fluoropyrimidine chemotherapy. Cyramza monotherapy is indicated for the treatment of adult patients with advanced gastric cancer or gastro-oesophageal junction adenocarcinoma with disease progression after prior platinum or fluoropyrimidine chemotherapy, for whom treatment in combination with paclitaxel is not appropriate. Colorectal cancer Cyramza, in combination with FOLFIRI (irinotecan, folinic acid, and 5?fluorouracil), is indicated for the treatment of adult patients with metastatic colorectal cancer (mCRC) with disease progression on or after prior therapy with bevacizumab, oxaliplatin and a fluoropyrimidine. Non-small cell lung cancer Cyramza in combination with docetaxel is indicated for the treatment of adult patients with locally advanced or metastatic non-small cell lung cancer with disease progression after platinum-based chemotherapy. Hepatocellular carcinoma Cyramza monotherapy is indicated for the treatment of adult patients with advanced or unresectable hepatocellular carcinoma who have a serum alpha fetoprotein (AFP) of ?&nbsp;400&nbsp;ng/ml and who have been previously treated with sorafenib. | Q21: No | R21: No | S21: No | T21: No | U21: No | V21: No | W21: No | X21: No | Y21: No | Z21: Eli Lilly Nederland B.V. | AA21: 19/09/2024 | AF21: 19/12/2014 | AJ21: 20 | AK21: 12/02/2018 | AL21: 26/03/2025 | AM21: https://www.ema.europa.eu/en/medicines/human/EPAR/cyramza
A22: Human | B22: Alofisel | C22: EMEA/H/C/004258 | D22: Withdrawn | F22: II/0044/G | G22: darvadstrocel | H22: darvadstrocel | I22: Rectal Fistula | K22: No | L22: L04 | N22: Immunosuppressants | P22: Alofisel is indicated for the treatment of complex perianal fistulas in adult patients with non-active/mildly active luminal Crohn’s disease, when fistulas have shown an inadequate response to at least one conventional or biologic therapy. Alofisel should be used after conditioning of fistula. | Q22: No | R22: No | S22: Yes | T22: No | U22: No | V22: No | W22: No | X22: Yes | Y22: No | Z22: Takeda Pharma A/S | AA22: 14/09/2023 | AD22: 14/12/2017 | AF22: 23/03/2018 | AH22: 13/12/2024 | AJ22: 12 | AK22: 08/05/2018 | AL22: 26/03/2025 | AM22: https://www.ema.europa.eu/en/medicines/human/EPAR/alofisel
A23: Human | B23: Uzpruvo | C23: EMEA/H/C/006101 | D23: Authorised | F23: VR/0000255737 | G23: ustekinumab | H23: ustekinumab | I23: Psoriasis;Arthritis, Psoriatic;Crohn Disease;Colitis, Ulcerative | K23: No | L23: L04AC05 | N23: Immunosuppressants | P23: Plaque psoriasis Uzpruvo is indicated for the treatment of moderate to severe plaque psoriasis in adults who failed to respond to, or who have a contraindication to, or are intolerant to other systemic therapies including ciclosporin, methotrexate (MTX) or PUVA (psoralen and ultraviolet A). Paediatric plaque psoriasis Uzpruvo is indicated for the treatment of moderate to severe plaque psoriasis in children and adolescent patients from the age of 6 years and older, who are inadequately controlled by, or are intolerant to, other systemic therapies or phototherapies. Psoriatic arthritis (PsA) Uzpruvo, alone or in combination with MTX, is indicated for the treatment of active psoriatic arthritis in adult patients when the response to previous non-biological disease-modifying anti-rheumatic drug (DMARD) therapy has been inadequate. Crohn’s Disease Uzpruvo is indicated for the treatment of adult patients with moderately to severely active Crohn’s disease who have had an inadequate response with, lost response to, or were intolerant to either conventional therapy or a TNFα antagonist or have medical contraindications to such therapies. | Q23: No | R23: No | S23: No | T23: Yes | U23: No | V23: No | W23: No | X23: No | Y23: No | Z23: Stada Arzneimittel AG | AA23: 11/03/2025 | AD23: 09/11/2023 | AF23: 05/01/2024 | AJ23: 6 | AK23: 10/11/2023 | AL23: 26/03/2025 | AM23: https://www.ema.europa.eu/en/medicines/human/EPAR/uzpruvo
A24: Human | B24: Takhzyro | C24: EMEA/H/C/004806 | D24: Authorised | F24: II/0043/G | G24: lanadelumab | H24: lanadelumab | I24: Angioedemas, Hereditary | K24: No | L24: B06AC05 | N24: Other hematological agents | P24: Takhzyro is indicated for routine prevention of recurrent attacks of hereditary angioedema (HAE) in patients aged 2 years and older. | Q24: Yes | R24: No | S24: No | T24: No | U24: No | V24: No | W24: No | X24: Yes | Y24: No | Z24: Takeda Pharmaceuticals International AG Ireland Branch | AA24: 13/02/2025 | AD24: 18/10/2018 | AF24: 22/11/2018 | AJ24: 20 | AK24: 17/12/2018 | AL24: 26/03/2025 | AM24: https://www.ema.europa.eu/en/medicines/human/EPAR/takhzyro
A25: Human | B25: Finlee | C25: EMEA/H/C/005885 | D25: Authorised | F25: IAIN/0011 | G25: dabrafenib | H25: Dabrafenib mesylate | I25: Glioma | K25: No | L25: L01EC02 | N25: Antineoplastic agents | P25: Low-grade glioma Finlee in combination with trametinib is indicated for the treatment of paediatric patients aged 1 year and older with low-grade glioma (LGG) with a BRAF V600E mutation who require systemic therapy. High-grade glioma Finlee in combination with trametinib is indicated for the treatment of paediatric patients aged 1 year and older with high-grade glioma (HGG) with a BRAF V600E mutation who have received at least one prior radiation and/or chemotherapy treatment. | Q25: No | R25: No | S25: No | T25: No | U25: No | V25: No | W25: No | X25: Yes | Y25: No | Z25: Novartis Europharm Limited | AA25: 03/12/2024 | AD25: 14/09/2023 | AF25: 15/11/2023 | AJ25: 5 | AK25: 05/12/2023 | AL25: 26/03/2025 | AM25: https://www.ema.europa.eu/en/medicines/human/EPAR/finlee
A26: Human | B26: Emadine | C26: EMEA/H/C/000223 | D26: Authorised | F26: VR/0000222987 | G26: emedastine | H26: emedastine difumarate | I26: Conjunctivitis, Allergic | K26: No | L26: S01GX06 | N26: Ophthalmologicals | P26: Symptomatic treatment of seasonal allergic conjunctivitis. | Q26: No | R26: No | S26: No | T26: No | U26: No | V26: No | W26: No | X26: No | Y26: No | Z26: Immedica Pharma AB | AA26: 20/02/2025 | AF26: 27/01/1999 | AJ26: 28 | AK26: 23/04/2018 | AL26: 25/03/2025 | AM26: https://www.ema.europa.eu/en/medicines/human/EPAR/emadine
A27: Human | B27: Comirnaty | C27: EMEA/H/C/005735 | D27: Authorised | F27: VR/0000248834 | G27: COVID-19 mRNA vaccine;tozinameran;riltozinameran and tozinameran;famtozinameran and tozinameran;raxtozinameran | H27: Single-stranded, 5’-capped messenger RNA produced using a cell-free in vitro transcription from the corresponding DNA templates, encoding the viral spike (S) protein of SARS-CoV-2 | I27: COVID-19 virus infection | K27: No | L27: J07BN01 | N27: Vaccines | P27: Comirnaty Original/Omicron BA.4-5 (1.5/1.5 micrograms)/dose concentrate for dispersion for injection is indicated for active immunisation to prevent COVID-19 caused by SARS-CoV-2, in infants and children aged 6 months to 4 years.&nbsp;The use of this vaccine should be in accordance with official recommendations. Comirnaty 10 micrograms/dose concentrate for dispersion for injection is indicated for active immunisation to prevent COVID-19 caused by SARS-CoV-2, in children aged 5 to 11 years.&nbsp;The use of this vaccine should be in accordance with official recommendations. Comirnaty Omicron XBB.1.5 (10 micrograms)/dose concentrate for dispersion for injection is indicated for active immunisation to prevent COVID-19 caused by SARS-CoV-2, in children aged 5 to 11 years.&nbsp;The use of this vaccine should be in accordance with official recommendations. Comirnaty Omicron XBB.1.5 (10 micrograms)/dose dispersion for injection is indicated for active immunisation to prevent COVID-19 caused by SARS-CoV-2, in children aged 5 to 11 years.&nbsp;The use of this vaccine should be in accordance with official recommendations. Comirnaty Original/Omicron BA.4-5 (15/15 micrograms)/dose dispersion for injection is indicated for active immunisation to prevent COVID-19 caused by SARS-CoV-2, in individuals 12 years of age and older.&nbsp;The use of this vaccine should be in accordance with official recommendations. Comirnaty 3 micrograms/dose concentrate for dispersion for injection is indicated for active immunisation to prevent COVID-19 caused by SARS-CoV-2 virus, in children aged 6 months to 4 years.&nbsp;The use of this vaccine should be in accordance with official recommendations. Comirnaty Omicron XBB.1.5 (3 micrograms)/dose concentrate for dispersion for injection is indicated for active immunisation to prevent COVID-19 caused by SARS-CoV-2, in infants and children aged 6 months to 4 years.&nbsp;The use of this vaccine should be in accordance with official recommendations. Comirnaty 30 micrograms/dose dispersion for injection is indicated for active immunisation to prevent COVID-19 caused by SARS-CoV-2, in individuals 12 years of age and older.&nbsp;The use of this vaccine should be in accordance with official recommendations. Comirnaty Omicron XBB.1.5 (30 micrograms)/dose dispersion for injection is indicated for active immunisation to prevent COVID-19 caused by SARS-CoV-2, in individuals 12 years of age and older.&nbsp;The use of this vaccine should be in accordance with official recommendations. Comirnaty Original/Omicron BA.4-5 (5/5 micrograms)/dose concentrate for dispersion for injection is indicated for active immunisation to prevent COVID-19 caused by SARS-CoV-2, in children aged 5 to 11 years.The use of this vaccine should be in accordance with official recommendations. Comirnaty Original/Omicron BA.4-5 (5/5 micrograms)/dose dispersion for injection is indicated for active immunisation to prevent COVID-19 caused by SARS-CoV-2, in children aged 5 to 11 years.&nbsp;&nbsp;The use of this vaccine should be in accordance with official recommendations. | Q27: No | R27: Yes | S27: No | T27: No | U27: No | V27: No | W27: No | X27: No | Y27: No | Z27: BioNTech Manufacturing GmbH | AA27: 12/03/2025 | AD27: 21/12/2020 | AF27: 21/12/2020 | AJ27: 53 | AK27: 23/12/2020 | AL27: 25/03/2025 | AM27: https://www.ema.europa.eu/en/medicines/human/EPAR/comirnaty
A28: Human | B28: Abrysvo | C28: EMEA/H/C/006027 | D28: Authorised | F28: II/0014 | G28: Respiratory syncytial virus vaccine (bivalent, recombinant) | H28: Respiratory syncytial virus, subgroup A, stabilized prefusion F protein / Respiratory syncytial virus, subgroup B, stabilized prefusion F protein | I28: Respiratory Syncytial Virus Infections | K28: No | L28: J07BX05 | N28: Vaccines | P28: Abrysvo is indicated for: Passive protection against lower respiratory tract disease caused by respiratory syncytial virus (RSV) in infants from birth through 6 months of age following maternal immunisation during pregnancy. See sections 4.2 and 5.1. Active immunisation of individuals 60 years of age and older for the prevention of lower respiratory tract disease caused by RSV. The use of this vaccine should be in accordance with official recommendations. | Q28: Yes | R28: Yes | S28: No | T28: No | U28: No | V28: No | W28: No | X28: No | Y28: No | Z28: Pfizer Europe MA EEIG | AA28: 13/02/2025 | AD28: 20/07/2023 | AF28: 23/08/2023 | AJ28: 8 | AK28: 17/07/2023 | AL28: 25/03/2025 | AM28: https://www.ema.europa.eu/en/medicines/human/EPAR/abrysvo
A29: Human | B29: Zabdeno | C29: EMEA/H/C/005337 | D29: Authorised | F29: II/0019 | G29: ebola vaccine (Ad26.ZEBOV-GP [recombinant]) | H29: Recombinant Adenovirus type 26 (Ad26) encoding the glycoprotein (GP) of the Ebola virus Zaire (ZEBOV) Mayinga strain | I29: Hemorrhagic Fever, Ebola | K29: No | L29: J07 | N29: Vaccines | P29: Active immunization for prevention of disease caused by Ebola virus (Zaire ebolavirus species) in individuals ? 1 year of age. | Q29: No | R29: Yes | S29: No | T29: No | U29: No | V29: Yes | W29: No | X29: No | Y29: No | Z29: Janssen-Cilag International N.V. | AA29: 27/02/2025 | AD29: 28/05/2020 | AF29: 01/07/2020 | AJ29: 8 | AK29: 23/07/2020 | AL29: 25/03/2025 | AM29: https://www.ema.europa.eu/en/medicines/human/EPAR/zabdeno
A30: Human | B30: Amvuttra | C30: EMEA/H/C/005852 | D30: Authorised | F30: II/0014 | G30: vutrisiran | H30: vutrisiran sodium | I30: Amyloid Neuropathies, Familial | K30: No | L30: N07XX18 | N30: Other nervous system drugs | P30: Treatment of hereditary transthyretin-mediated amyloidosis (hATTR amyloidosis) in adult patients with stage 1 or stage 2 polyneuropathy. | Q30: No | R30: Yes | S30: No | T30: No | U30: No | V30: No | W30: No | X30: Yes | Y30: No | Z30: Alnylam Netherlands B.V. | AA30: 06/02/2025 | AD30: 21/07/2022 | AF30: 15/09/2022 | AJ30: 4 | AK30: 18/07/2022 | AL30: 25/03/2025 | AM30: https://www.ema.europa.eu/en/medicines/human/EPAR/amvuttra
A31: Human | B31: Ocrevus | C31: EMEA/H/C/004043 | D31: Authorised | F31: II/0041 | G31: ocrelizumab | H31: ocrelizumab | I31: Multiple Sclerosis | K31: No | L31: L04AG08 | N31: Immunosuppressants | P31: Treatment of adult patients with relapsing forms of multiple sclerosis (RMS) with active disease defined by clinical or imaging features. Treatment of adult patients with early primary progressive multiple sclerosis (PPMS) in terms of disease duration and level of disability, and with imaging features characteristic of inflammatory activity. | Q31: No | R31: No | S31: No | T31: No | U31: No | V31: No | W31: No | X31: No | Y31: No | Z31: Roche Registration GmbH | AA31: 13/02/2025 | AD31: 09/11/2017 | AF31: 08/01/2018 | AJ31: 22 | AK31: 09/08/2018 | AL31: 25/03/2025 | AM31: https://www.ema.europa.eu/en/medicines/human/EPAR/ocrevus
A32: Human | B32: EndolucinBeta | C32: EMEA/H/C/003999 | D32: Authorised | F32: IB/0039 | G32: lutetium (177 Lu) chloride | H32: lutetium (177Lu) chloride | I32: Radionuclide Imaging | K32: No | L32: V10X | N32: Therapeutic radiopharmaceuticals | P32: EndolucinBeta is a radiopharmaceutical precursor, and it is not intended for direct use in patients. It is to be used only for the radiolabelling of carrier molecules that have been specifically developed and authorised for radiolabelling with Lutetium (177Lu) chloride. | Q32: No | R32: No | S32: No | T32: No | U32: No | V32: No | W32: No | X32: No | Y32: No | Z32: ITM Medical Isotopes GmbH | AA32: 26/02/2025 | AF32: 06/07/2016 | AJ32: 10 | AK32: 27/03/2018 | AL32: 25/03/2025 | AM32: https://www.ema.europa.eu/en/medicines/human/EPAR/endolucinbeta
A33: Human | B33: Sugammadex Fresenius Kabi | C33: EMEA/H/C/005760 | D33: Authorised | F33: VR/0000253128 | G33: sugammadex | H33: sugammadex sodium | I33: Neuromuscular Blockade | K33: No | L33: V03AB35 | N33: All other therapeutic products | P33: Reversal of neuromuscular blockade induced by rocuronium or vecuronium in adults. For the paediatric population: sugammadex is only recommended for routine reversal of rocuronium induced blockade in children and adolescents aged 2 to 17 years. | Q33: No | R33: No | S33: No | T33: No | U33: No | V33: No | W33: Yes | X33: No | Y33: No | Z33: Fresenius Kabi Deutschland GmbH | AA33: 25/03/2025 | AD33: 19/05/2022 | AF33: 15/07/2022 | AJ33: 1 | AK33: 17/05/2022 | AL33: 25/03/2025 | AM33: https://www.ema.europa.eu/en/medicines/human/EPAR/sugammadex-fresenius-kabi
A34: Human | B34: Prasugrel Viatris (previously Prasugrel Mylan) | C34: EMEA/H/C/004644 | D34: Authorised | F34: N/0000247565 | G34: prasugrel | H34: prasugrel besilate | I34: Myocardial Infarction;Acute Coronary Syndrome;Angina, Unstable | K34: No | L34: B01AC22 | N34: Antithrombotic agents | P34: Prasugrel Viatris, co administered with acetylsalicylic acid (ASA), is indicated for the prevention of atherothrombotic events in adult patients with acute coronary syndrome (i.e. unstable angina, non-ST segment elevation myocardial infarction [UA/NSTEMI] or ST segment elevation myocardial infarction [STEMI]) undergoing primary or delayed percutaneous coronary intervention (PCI). | Q34: No | R34: No | S34: No | T34: No | U34: No | V34: No | W34: Yes | X34: No | Y34: No | Z34: Mylan Pharmaceuticals Limited | AA34: 20/03/2025 | AF34: 15/05/2018 | AJ34: 11 | AK34: 16/05/2018 | AL34: 25/03/2025 | AM34: https://www.ema.europa.eu/en/medicines/human/EPAR/prasugrel-viatris
A35: Human | B35: Sugammadex Amomed | C35: EMEA/H/C/005935 | D35: Authorised | F35: VR/0000254268 | G35: sugammadex | H35: sugammadex sodium | I35: Neuromuscular Blockade | K35: No | L35: V03AB35 | N35: All other therapeutic products | P35: Reversal of neuromuscular blockade induced by rocuronium or vecuronium. For the paediatric population: sugammadex is only recommended for routine reversal of rocuronium induced blockade in children and adolescents aged 2 to 17 years. | Q35: No | R35: No | S35: No | T35: No | U35: No | V35: No | W35: Yes | X35: No | Y35: No | Z35: AOP Orphan Pharmaceuticals GmbH | AA35: 24/03/2025 | AD35: 10/11/2022 | AF35: 10/01/2023 | AJ35: 3 | AK35: 04/11/2022 | AL35: 25/03/2025 | AM35: https://www.ema.europa.eu/en/medicines/human/EPAR/sugammadex-amomed
A36: Human | B36: Onpattro | C36: EMEA/H/C/004699 | D36: Authorised | F36: N/0000248933 | G36: patisiran | H36: patisiran sodium | I36: Amyloidosis, Familial | K36: No | L36: N07 | N36: Other nervous system drugs | P36: Onpattro is indicated for the treatment of hereditary transthyretin-mediated amyloidosis (hATTR amyloidosis) in adult patients with stage 1 or stage 2 polyneuropathy. | Q36: Yes | R36: Yes | S36: No | T36: No | U36: No | V36: No | W36: No | X36: Yes | Y36: No | Z36: Alnylam Netherlands B.V. | AA36: 24/03/2025 | AD36: 26/07/2018 | AF36: 27/08/2018 | AJ36: 14 | AK36: 27/07/2018 | AL36: 25/03/2025 | AM36: https://www.ema.europa.eu/en/medicines/human/EPAR/onpattro
A37: Human | B37: Mvabea | C37: EMEA/H/C/005343 | D37: Authorised | F37: II/0021 | G37: Ebola vaccine (MVA-BN-Filo [recombinant]) | H37: Recombinant Modified Vaccinia Ankara Bavarian Nordic Virus encoding the: Ebola virus Zaire (ZEBOV) Mayinga strain glycoprotein (GP); Ebola virus Sudan Gulu strain GP; Ebola virus Taï Forest strain nucleoprotein and the Marburg virus Musoke strain GP | I37: Hemorrhagic Fever, Ebola | K37: No | L37: J07BX | N37: Vaccines | P37: Active immunization for prevention of disease caused by Ebola virus (Zaire Ebolavirus species) in individuals ? 1 year of age. | Q37: No | R37: Yes | S37: No | T37: No | U37: No | V37: Yes | W37: No | X37: No | Y37: No | Z37: Janssen-Cilag International N.V. | AA37: 27/02/2025 | AD37: 28/05/2020 | AF37: 01/07/2020 | AJ37: 5 | AK37: 23/07/2020 | AL37: 25/03/2025 | AM37: https://www.ema.europa.eu/en/medicines/human/EPAR/mvabea
A38: Human | B38: Xeljanz | C38: EMEA/H/C/004214 | D38: Authorised | F38: II/0068 | G38: tofacitinib | H38: Tofacitinib | I38: Arthritis, Rheumatoid | K38: No | L38: L04AA29 | N38: Immunosuppressants | P38: Rheumatoid arthritis Tofacitinib in combination with methotrexate (MTX) is indicated for the treatment of moderate to severe active rheumatoid arthritis (RA) in adult patients who have responded inadequately to, or who are intolerant to one or more disease-modifying antirheumatic drugs (DMARDs) (see section 5.1). Tofacitinib can be given as monotherapy in case of intolerance to MTX or when treatment with MTX is inappropriate (see sections 4.4 and 4.5). Psoriatic arthritis Tofacitinib in combination with MTX is indicated for the treatment of active psoriatic arthritis (PsA) in adult patients who have had an inadequate response or who have been intolerant to a prior disease modifying antirheumatic drug (DMARD) therapy (see section 5.1). Ulcerative colitis Tofacitinib is indicated for the treatment of adult patients with moderately to severely active ulcerative colitis (UC) who have had an inadequate response, lost response, or were intolerant to either conventional therapy or a biologic agent (see section 5.1). Tofacitinib is indicated for the treatment of active polyarticular juvenile idiopathic arthritis (rheumatoid factor positive [RF+] or negative [RF-] polyarthritis and extended oligoarthritis), and juvenile psoriatic arthritis (PsA) in patients 2 years of age and older, who have responded inadequately to previous therapy with disease modifying antirheumatic drugs (DMARDs). Tofacitinib can be given in combination with methotrexate (MTX) or as monotherapy in case of intolerance to MTX or where continued treatment with MTX is inappropriate. Ankylosing spondylitis Tofacitinib is indicated for the treatment of adult patients with active ankylosing spondylitis (AS) who have responded inadequately to conventional therapy. | Q38: No | R38: No | S38: No | T38: No | U38: No | V38: No | W38: No | X38: No | Y38: No | Z38: Pfizer Europe MA EEIG | AA38: 13/02/2025 | AD38: 24/07/2013 | AF38: 22/03/2017 | AG38: 25/04/2013 | AJ38: 34 | AK38: 25/06/2018 | AL38: 24/03/2025 | AM38: https://www.ema.europa.eu/en/medicines/human/EPAR/xeljanz
A39: Human | B39: Seladelpar Gilead | C39: EMEA/H/C/004692 | D39: Authorised | E39: Positive | F39: VR/0000256196 | G39: Seladelpar lysine dihydrate | H39: Seladelpar lysine dihydrate | I39: Liver Cirrhosis, Biliary | K39: No | L39: A05AX07 | N39: Bile and liver therapy | P39: Seladelpar Gilead is indicated for the treatment of primary biliary cholangitis (PBC) in combination with ursodeoxycholic acid (UDCA) in adults who have an inadequate response to UDCA alone, or as monotherapy in those unable to tolerate UDCA. | Q39: No | R39: Yes | S39: No | T39: No | U39: Yes | V39: No | W39: No | X39: Yes | Y39: No | Z39: Gilead Sciences Ireland Unlimited Company | AA39: 07/03/2025 | AD39: 12/12/2024 | AJ39: 1 | AK39: 13/12/2024 | AL39: 24/03/2025 | AM39: https://www.ema.europa.eu/en/medicines/human/EPAR/seladelpar-gilead
A40: Human | B40: Siiltibcy | C40: EMEA/H/C/006177 | D40: Authorised | F40: VR/0000259160 | G40: Mycobacterium tuberculosis derived antigens (rdESAT-6 / rCFP-10) | H40: Mycobacterium tuberculosis derived antigens (rdESAT‑6 and rCFP‑10) | I40: Tuberculosis;Diagnosis | K40: No | L40: V04CF | N40: Tuberculosis diagnostics | P40: Diagnosis of infection with Mycobacterium tuberculosis. | Q40: No | R40: Yes | S40: No | T40: No | U40: No | V40: No | W40: No | X40: No | Y40: No | Z40: Serum Life Science Europe GmbH | AA40: 24/03/2025 | AD40: 17/10/2024 | AF40: 13/01/2025 | AJ40: 1 | AK40: 18/10/2024 | AL40: 24/03/2025 | AM40: https://www.ema.europa.eu/en/medicines/human/EPAR/siiltibcy
A41: Human | B41: Vimkunya | C41: EMEA/H/C/005470 | D41: Authorised | G41: Chikungunya vaccine (recombinant, adsorbed) | H41: Chikungunya virus (CHIKV) virus-like particle (VLP) proteins (capsid protein (C) and envelope proteins E1 and E2) derived from CHIKV Senegal strain 37997 produced in human embryonic kidney cells by recombinant DNA technology, adsorbed on aluminium hydroxide, hydrated | I41: Chikungunya virus | K41: No | P41: Vimkunya is indicated for active immunisation for the prevention of disease caused by chikungunya virus (CHIKV) in individuals 12 years and older. The use of this vaccine should be in accordance with official recommendations. | Q41: No | R41: Yes | S41: No | T41: No | U41: No | V41: No | W41: No | X41: No | Y41: Yes | Z41: Bavarian Nordic A/S | AD41: 30/01/2025 | AF41: 28/02/2025 | AK41: 24/03/2025 | AM41: https://www.ema.europa.eu/en/medicines/human/EPAR/vimkunya
A42: Human | B42: Buvidal | C42: EMEA/H/C/004651 | D42: Authorised | F42: VR/0000258074 | G42: buprenorphine | H42: buprenorphine | I42: Opioid-Related Disorders | K42: No | L42: N07BC01 | N42: Other nervous system drugs | P42: Treatment of opioid dependence within a framework of medical, social and psychological treatment. Treatment is intended for use in adults and adolescents aged 16 years or over. | Q42: No | R42: No | S42: No | T42: No | U42: No | V42: No | W42: No | X42: No | Y42: No | Z42: Camurus AB | AA42: 21/03/2025 | AD42: 20/09/2018 | AF42: 20/11/2018 | AJ42: 10 | AK42: 18/12/2018 | AL42: 21/03/2025 | AM42: https://www.ema.europa.eu/en/medicines/human/EPAR/buvidal
A43: Human | B43: Veoza | C43: EMEA/H/C/005851 | D43: Authorised | F43: VR/0000255226 | G43: fezolinetant | H43: fezolinetant | I43: Menopause;Hot Flashes | K43: No | L43: G02CX06 | N43: Other gynecologicals | P43: Veoza is indicated for the treatment of moderate to severe vasomotor symptoms (VMS) associated with menopause. | Q43: No | R43: Yes | S43: No | T43: No | U43: No | V43: No | W43: No | X43: No | Y43: No | Z43: Astellas Pharma Europe B.V. | AA43: 21/03/2025 | AD43: 12/10/2023 | AF43: 07/12/2023 | AJ43: 4 | AK43: 20/12/2023 | AL43: 21/03/2025 | AM43: https://www.ema.europa.eu/en/medicines/human/EPAR/veoza
A44: Human | B44: Polivy | C44: EMEA/H/C/004870 | D44: Authorised | F44: II/0032/G | G44: polatuzumab vedotin | H44: polatuzumab vedotin | I44: Lymphoma, B-Cell | K44: No | L44: L01FX14 | N44: Antineoplastic agents | P44: Polivy in combination with bendamustine and rituximab is indicated for the treatment of adult patients with relapsed/refractory diffuse large B-cell lymphoma (DLBCL) who are not candidates for haematopoietic stem cell transplant. Polivy in combination with rituximab, cyclophosphamide, doxorubicin, and prednisone (R-CHP) is indicated for the treatment of adult patients with previously untreated diffuse large B-cell lymphoma (DLBCL). | Q44: No | R44: Yes | S44: No | T44: No | U44: No | V44: No | W44: No | X44: Yes | Y44: Yes | Z44: Roche Registration GmbH | AA44: 31/10/2024 | AD44: 14/11/2019 | AF44: 16/01/2020 | AJ44: 6 | AK44: 27/01/2020 | AL44: 21/03/2025 | AM44: https://www.ema.europa.eu/en/medicines/human/EPAR/polivy
A45: Human | B45: Drovelis | C45: EMEA/H/C/005336 | D45: Authorised | F45: II/0026 | G45: estetrol;drospirenone | H45: drospirenone;estetrol monohydrate | I45: Contraceptives, Oral | K45: No | L45: G03 | N45: Sex hormones and modulators of the genital system | P45: oral contraceptive | Q45: No | R45: Yes | S45: No | T45: No | U45: No | V45: No | W45: No | X45: No | Y45: No | Z45: Gedeon Richter Plc. | AA45: 28/02/2025 | AD45: 25/03/2021 | AF45: 19/05/2021 | AJ45: 8 | AK45: 24/03/2021 | AL45: 21/03/2025 | AM45: https://www.ema.europa.eu/en/medicines/human/EPAR/drovelis
A46: Human | B46: Enjaymo | C46: EMEA/H/C/005776 | D46: Authorised | F46: T/0000247305 | G46: sutimlimab | H46: sutimlimab | I46: Hemolysis;Anemia, Hemolytic, Autoimmune | K46: No | L46: L04AJ04 | N46: Immunosuppressants | P46: Enjaymo is indicated for the treatment of haemolytic anaemia in adult patients with cold agglutinin disease (CAD). | Q46: No | R46: Yes | S46: No | T46: No | U46: No | V46: No | W46: No | X46: Yes | Y46: No | Z46: Recordati Rare Diseases | AA46: 12/03/2025 | AD46: 15/09/2022 | AF46: 15/11/2022 | AJ46: 5 | AK46: 14/09/2022 | AL46: 21/03/2025 | AM46: https://www.ema.europa.eu/en/medicines/human/EPAR/enjaymo
A47: Human | B47: Mycapssa | C47: EMEA/H/C/005826 | D47: Withdrawn | G47: octreotide | H47: Octreotide acetate | I47: Acromegaly | K47: No | L47: H01CB02 | N47: Pituitary and hypothalamic hormones and analogues | P47: Mycapssa is indicated for maintenance treatment in adult patients with acromegaly who have responded to and tolerated treatment with somatostatin analogues. | Q47: No | R47: No | S47: No | T47: No | U47: No | V47: No | W47: No | X47: No | Y47: No | Z47: Amryt Pharmaceuticals DAC | AA47: 02/12/2022 | AD47: 15/09/2022 | AF47: 02/12/2022 | AH47: 26/02/2025 | AK47: 22/12/2022 | AL47: 21/03/2025 | AM47: https://www.ema.europa.eu/en/medicines/human/EPAR/mycapssa
A48: Human | B48: Dupixent | C48: EMEA/H/C/004390 | D48: Authorised | F48: II/0081 | G48: dupilumab | H48: dupilumab | I48: Dermatitis, Atopic;Prurigo;Esophageal Diseases;Asthma;Sinusitis | K48: No | L48: D11AH05 | N48: Agents for dermatitis, excluding corticosteroids | P48: Atopic dermatitis Adults and adolescentsDupixent is indicated for the treatment of moderate-to-severe atopic dermatitis in adults and adolescents 12 years and older who are candidates for systemic therapy. Children 6 months to 11 years of ageDupixent is indicated for the treatment of severe atopic dermatitis in children 6 months to 11 years old who are candidates for systemic therapy. Asthma Adults and adolescentsDupixent is indicated in adults and adolescents 12 years and older as add-on maintenance treatment for severe asthma with type 2 inflammation characterised by raised blood eosinophils and/or raised fraction of exhaled nitric oxide (FeNO), see section 5.1, who are inadequately controlled with high dose inhaled corticosteroids (ICS) plus another medicinal product for maintenance treatment. Children 6 to 11 years of ageDupixent is indicated in children 6 to 11 years old as add-on maintenance treatment for severe asthma with type 2 inflammation characterised by raised blood eosinophils and/or raised fraction of exhaled nitric oxide (FeNO), who are inadequately controlled with medium to high dose inhaled corticosteroids (ICS) plus another medicinal product for maintenance treatment. Chronic rhinosinusitis with nasal polyposis (CRSwNP) Dupixent is indicated as an add-on therapy with intranasal corticosteroids for the treatment of adults with severe CRSwNP for whom therapy with systemic corticosteroids and/or surgery do not provide adequate disease control. Prurigo Nodularis (PN) Dupixent is indicated for the treatment of adults with moderate-to-severe prurigo nodularis (PN) who are candidates for systemic therapy. Eosinophilic esophagitis (EoE) Dupixent is indicated for the treatment of eosinophilic esophagitis in adults, adolescents and children aged 1 year and older, weighing at least 15 kg, who are inadequately controlled by, are intolerant to, or who are not candidates for conventional medicinal therapy. Chronic obstructive pulmonary disease (COPD) Dupixent is indicated in adults as add-on maintenance treatment for uncontrolled chronic obstructive pulmonary disease (COPD) characterised by raised blood eosinophils on a combination of an inhaled corticosteroid (ICS), a long-acting beta2-agonist (LABA), and a long-acting muscarinic antagonist (LAMA), or on a combination of a LABA and a LAMA if ICS is not appropriate. | Q48: No | R48: No | S48: No | T48: No | U48: No | V48: No | W48: No | X48: No | Y48: No | Z48: Sanofi Winthrop Industrie | AA48: 04/11/2024 | AD48: 20/07/2017 | AF48: 26/09/2017 | AJ48: 40 | AK48: 16/01/2018 | AL48: 21/03/2025 | AM48: https://www.ema.europa.eu/en/medicines/human/EPAR/dupixent
A49: Human | B49: Humira | C49: EMEA/H/C/000481 | D49: Authorised | F49: N/0000249136 | G49: adalimumab | H49: adalimumab | I49: Spondylitis, Ankylosing;Arthritis, Juvenile Rheumatoid;Uveitis;Colitis, Ulcerative;Psoriasis;Arthritis, Psoriatic;Crohn Disease;Arthritis, Rheumatoid | K49: No | L49: L04AB04 | N49: Immunosuppressants | P49: Please refer to the product information document. | Q49: No | R49: No | S49: No | T49: No | U49: No | V49: No | W49: No | X49: No | Y49: No | Z49: AbbVie Deutschland GmbH Co. KG | AA49: 20/03/2025 | AF49: 08/09/2003 | AJ49: 93 | AK49: 26/07/2018 | AL49: 20/03/2025 | AM49: https://www.ema.europa.eu/en/medicines/human/EPAR/humira
A50: Human | B50: Mounjaro | C50: EMEA/H/C/005620 | D50: Authorised | F50: PSUSA/00011019/202405 | G50: tirzepatide | H50: Tirzepatide | I50: Diabetes Mellitus, Type 2;Obesity;Overweight | K50: No | L50: A10BX16 | N50: Drugs used in diabetes | P50: Type 2 diabetes mellitus Mounjaro is indicated for the treatment of adults with insufficiently controlled type 2 diabetes mellitus as an adjunct to diet and exercise - as monotherapy when metformin is considered inappropriate due to intolerance or contraindications - in addition to other medicinal products for the treatment of diabetes. For study results with respect to combinations, effects on glycaemic control and the populations studied, see sections 4.4, 4.5 and 5.1. Weight management Mounjaro is indicated as an adjunct to a reduced-calorie diet and increased physical activity for weight management, including weight loss and weight maintenance, in adults with an initial Body Mass Index (BMI) of - ≥ 30 kg/m2 (obesity) or - ≥ 27 kg/m2 to &lt; 30 kg/m2 (overweight) in the presence of at least one weight-related comorbid condition (e.g., hypertension, dyslipidaemia, obstructive sleep apnoea, cardiovascular disease, prediabetes, or type 2 diabetes mellitus). | Q50: No | R50: No | S50: No | T50: No | U50: No | V50: No | W50: No | X50: No | Y50: No | Z50: Eli Lilly Nederland B.V. | AA50: 14/02/2025 | AD50: 21/07/2022 | AF50: 15/09/2022 | AJ50: 14 | AK50: 18/07/2022 | AL50: 20/03/2025 | AM50: https://www.ema.europa.eu/en/medicines/human/EPAR/mounjaro
A51: Human | B51: Constella | C51: EMEA/H/C/002490 | D51: Authorised | F51: II/0063 | G51: linaclotide | H51: linaclotide | I51: Irritable Bowel Syndrome | K51: No | L51: A06AX04 | N51: Drugs for constipation | P51: Constella is indicated for the symptomatic treatment of moderate to severe irritable-bowel syndrome with constipation (IBS-C) in adults. | Q51: No | R51: No | S51: No | T51: No | U51: No | V51: No | W51: No | X51: No | Y51: No | Z51: AbbVie Deutschland GmbH & Co. KG | AA51: 05/09/2024 | AF51: 26/11/2012 | AJ51: 29 | AK51: 17/04/2018 | AL51: 20/03/2025 | AM51: https://www.ema.europa.eu/en/medicines/human/EPAR/constella
A52: Human | B52: Prevenar 13 | C52: EMEA/H/C/001104 | D52: Authorised | F52: IAIN/0218 | G52: pneumococcal polysaccharide conjugate vaccine (13-valent, adsorbed) | H52: Pneumococcal polysaccharide serotype 1;Pneumococcal polysaccharide serotype 3;Pneumococcal polysaccharide serotype 4;Pneumococcal polysaccharide serotype 5;Pneumococcal polysaccharide serotype 6A;Pneumococcal polysaccharide serotype 6B;Pneumococcal polysaccharide serotype 7F;Pneumococcal polysaccharide serotype 9V;Pneumococcal polysaccharide serotype 14;Pneumococcal polysaccharide serotype 18C;Pneumococcal polysaccharide serotype 19A;Pneumococcal polysaccharide serotype 19F;Pneumococcal polysaccharide serotype 23F | I52: Pneumococcal Infections;Immunization | K52: No | L52: J07AL02 | N52: Vaccines | P52: Active immunisation for the prevention of invasive disease, pneumonia and acute otitis media caused by Streptococcus pneumoniae in infants, children and adolescents from 6 weeks to 17 years of age. Active immunisation for the prevention of invasive disease caused by Streptococcus pneumoniae in adults ?18 years of age and the elderly. See sections 4.4 and 5.1 for information on protection against specific pneumococcal serotypes. The use of Prevenar 13 should be determined on the basis of official recommendations taking into consideration the risk of invasive disease in different age groups, underlying comorbidities as well as the variability of serotype epidemiology in different geographical areas. | Q52: No | R52: No | S52: No | T52: No | U52: No | V52: No | W52: No | X52: No | Y52: No | Z52: Pfizer Europe MA EEIG | AA52: 03/04/2024 | AD52: 24/09/2009 | AF52: 09/12/2009 | AJ52: 48 | AK52: 19/03/2018 | AL52: 20/03/2025 | AM52: https://www.ema.europa.eu/en/medicines/human/EPAR/prevenar-13
A53: Human | B53: Sivextro | C53: EMEA/H/C/002846 | D53: Authorised | F53: II/0054 | G53: tedizolid phosphate | I53: Soft Tissue Infections;Skin Diseases, Bacterial | K53: No | L53: J01XX11 | N53: Antibacterials for systemic use;Other antibacterials | P53: Sivextro tablets are indicated for the treatment of acute bacterial skin and skin structure infections (ABSSSI) in adults, adolescents and children weighing at least 35 kg.Consideration should be given to official guidance on the appropriate use of antibacterial agents. Sivextro powder for concentrate for solution for infusion is indicated for the treatment of acute bacterial skin and skin structure infections (ABSSSI) from birth. Consideration should be given to official guidance on the appropriate use of antibacterial agents. | Q53: No | R53: No | S53: No | T53: No | U53: No | V53: No | W53: No | X53: No | Y53: No | Z53: Merck Sharp & Dohme B.V. | AA53: 28/02/2025 | AD53: 22/01/2015 | AF53: 23/03/2015 | AJ53: 25 | AK53: 08/08/2018 | AL53: 20/03/2025 | AM53: https://www.ema.europa.eu/en/medicines/human/EPAR/sivextro
A54: Human | B54: Scintimun | C54: EMEA/H/C/001045 | D54: Authorised | F54: T/0000253479 | G54: besilesomab | H54: besilesomab | I54: Osteomyelitis;Radionuclide Imaging | K54: No | L54: V09HA03 | N54: Diagnostic radiopharmaceuticals | P54: This medicinal product is for diagnostic use only and the approved indication is scintigraphic imaging, in conjunction with other appropriate imaging modalities, for determining the location of inflammation/infection in peripheral bone in adults with suspected osteomyelitis. Scintimun should not be used for the diagnosis of diabetic foot infection. | Q54: No | R54: No | S54: No | T54: No | U54: No | V54: No | W54: No | X54: No | Y54: No | Z54: Telix Innovations | AA54: 17/03/2025 | AF54: 11/01/2010 | AJ54: 8 | AK54: 22/09/2016 | AL54: 20/03/2025 | AM54: https://www.ema.europa.eu/en/medicines/human/EPAR/scintimun
A55: Human | B55: Idefirix | C55: EMEA/H/C/004849 | D55: Authorised | F55: II/0019 | G55: imlifidase | H55: Imlifidase | I55: Desensitization, Immunologic;Kidney Transplantation | K55: No | L55: L04AA | N55: Immunosuppressants | P55: Idefirix is indicated for desensitisation treatment of highly sensitised adult kidney transplant patients with positive crossmatch against an available deceased donor. The use of Idefirix should be reserved for patients unlikely to be transplanted under the available kidney allocation system including prioritisation programmes for highly sensitised patients. | Q55: No | R55: Yes | S55: No | T55: No | U55: Yes | V55: No | W55: No | X55: Yes | Y55: Yes | Z55: Hansa Biopharma AB | AA55: 16/05/2024 | AD55: 25/06/2020 | AF55: 25/08/2020 | AJ55: 7 | AK55: 28/08/2020 | AL55: 20/03/2025 | AM55: https://www.ema.europa.eu/en/medicines/human/EPAR/idefirix
A56: Human | B56: Voxzogo | C56: EMEA/H/C/005475 | D56: Authorised | F56: PSUSA/00010952/202308 | G56: vosoritide | H56: Vosoritide | I56: Achondroplasia | K56: No | L56: M05BX | N56: Drugs for treatment of bone diseases | P56: Voxzogo is indicated for the treatment of achondroplasia in patients 4 months of age and older whose epiphyses are not closed. The diagnosis of achondroplasia should be confirmed by appropriate genetic testing. | Q56: No | R56: Yes | S56: No | T56: No | U56: No | V56: No | W56: No | X56: Yes | Y56: No | Z56: BioMarin International Limited | AA56: 20/06/2024 | AD56: 24/06/2021 | AF56: 26/08/2021 | AJ56: 5 | AK56: 23/06/2021 | AL56: 20/03/2025 | AM56: https://www.ema.europa.eu/en/medicines/human/EPAR/voxzogo
A57: Human | B57: Namuscla | C57: EMEA/H/C/004584 | D57: Authorised | F57: R/0014 | G57: mexiletine hcl | H57: Mexiletine hydrochloride | I57: Myotonic Disorders | K57: No | L57: C01BB02 | N57: Cardiac therapy | P57: Namuscla is indicated for the symptomatic treatment of myotonia in adult patients with non-dystrophic myotonic disorders. | Q57: No | R57: No | S57: No | T57: No | U57: No | V57: No | W57: No | X57: Yes | Y57: No | Z57: Lupin Europe GmbH | AA57: 09/08/2023 | AD57: 18/10/2018 | AF57: 18/12/2018 | AJ57: 6 | AK57: 01/02/2019 | AL57: 19/03/2025 | AM57: https://www.ema.europa.eu/en/medicines/human/EPAR/namuscla
A58: Human | B58: Pomalidomide Krka | C58: EMEA/H/C/006314 | D58: Authorised | F58: N/0000252892 | G58: pomalidomide | H58: Pomalidomide | I58: Multiple Myeloma | K58: No | L58: L04AX06 | N58: Immunosuppressants | P58: Pomalidomide Krka in combination with bortezomib and dexamethasone is indicated in the treatment of adult patients with multiple myeloma who have received at least one prior treatment regimen including lenalidomide. Pomalidomide Krka in combination with dexamethasone is indicated in the treatment of adult patients with relapsed and refractory multiple myeloma who have received at least two prior treatment regimens, including both lenalidomide and bortezomib, and have demonstrated disease progression on the last therapy.&nbsp; | Q58: No | R58: No | S58: No | T58: No | U58: No | V58: No | W58: Yes | X58: No | Y58: No | Z58: Krka, d.d., Novo mesto | AA58: 17/03/2025 | AF58: 24/07/2024 | AJ58: 1 | AK58: 27/05/2024 | AL58: 19/03/2025 | AM58: https://www.ema.europa.eu/en/medicines/human/EPAR/pomalidomide-krka
A59: Human | B59: Tenofovir disoproxil Zentiva | C59: EMEA/H/C/004120 | D59: Authorised | F59: N/0000256696 | G59: tenofovir disoproxil | H59: tenofovir disoproxil phosphate | I59: HIV Infections | K59: No | L59: J05AF07 | N59: Antivirals for systemic use | P59: HIV?1 infection Tenofovir disoproxil Zentiva is indicated in combination with other antiretroviral medicinal products for the treatment of HIV?1 infected adults. In adults, the demonstration of the benefit of tenofovir disoproxil in HIV?1 infection is based on results of one study in treatment?naïve patients, including patients with a high viral load (&gt; 100,000 copies/ml) and studies in which tenofovir disoproxil was added to stable background therapy (mainly tritherapy) in antiretroviral pre?treated patients experiencing early virological failure (&lt; 10,000 copies/ml, with the majority of patients having &lt; 5,000 copies/ml). Tenofovir disoproxil Zentiva is also indicated for the treatment of HIV?1 infected adolescents, with NRTI (nucleotide reverse transcriptase inhibitor) resistance or toxicities precluding the use of first line agents, aged 12 to &lt; 18 years. The choice of Tenofovir disoproxil Zentiva to treat antiretroviral?experienced patients with HIV?1 infection should be based on individual viral resistance testing and/or treatment history of patients. Hepatitis B infection Tenofovir disoproxil Zentiva is indicated for the treatment of chronic hepatitis B in adults with: compensated liver disease, with evidence of active viral replication, persistently elevated serum alanine aminotransferase (ALT) levels and histological evidence of active inflammation and/or fibrosis (see section 5.1); evidence of lamivudine-resistant hepatitis B virus (see sections 4.8 and 5.1); decompensated liver disease (see sections 4.4, 4.8 and 5.1). Tenofovir disoproxil Zentiva is indicated for the treatment of chronic hepatitis B in adolescents 12 to &lt; 18 years of age with: compensated liver disease and evidence of immune active disease, i.e. active viral replication, persistently elevated serum ALT levels and histological evidence of active inflammation and/or fibrosis (see sections 4.4, 4.8 and 5.1). | Q59: No | R59: No | S59: No | T59: No | U59: No | V59: No | W59: Yes | X59: No | Y59: No | Z59: Zentiva k.s. | AA59: 19/03/2025 | AD59: 21/07/2016 | AF59: 15/09/2016 | AJ59: 15 | AK59: 18/01/2018 | AL59: 19/03/2025 | AM59: https://www.ema.europa.eu/en/medicines/human/EPAR/tenofovir-disoproxil-zentiva
A60: Human | B60: Leflunomide ratiopharm | C60: EMEA/H/C/002035 | D60: Authorised | F60: IB/0028 | G60: leflunomide | H60: leflunomide | I60: Arthritis, Rheumatoid | K60: No | L60: L04AK01 | N60: Immunosuppressants | P60: Leflunomide is indicated for the treatment of adult patients with: active rheumatoid arthritis as a 'disease-modifying antirheumatic drug' (DMARD); active psoriatic arthritis. Recent or concurrent treatment with hepatotoxic or haematotoxic DMARDs (e.g. methotrexate) may result in an increased risk of serious adverse reactions; therefore, the initiation of leflunomide treatment has to be carefully considered regarding these benefit / risk aspects. Moreover, switching from leflunomide to another DMARD without following the washout procedure may also increase the risk of serious adverse reactions even for a long time after the switching. | Q60: No | R60: No | S60: No | T60: No | U60: No | V60: No | W60: Yes | X60: No | Y60: No | Z60: Ratiopharm GmbH | AA60: 25/10/2024 | AD60: 23/09/2010 | AF60: 28/11/2010 | AJ60: 19 | AK60: 21/12/2017 | AL60: 19/03/2025 | AM60: https://www.ema.europa.eu/en/medicines/human/EPAR/leflunomide-ratiopharm
A61: Human | B61: Jayempi | C61: EMEA/H/C/005055 | D61: Authorised | F61: VR/0000257074 | G61: azathioprine | H61: azathioprine | I61: Graft Rejection | K61: No | L61: L04AX01 | N61: Immunosuppressants | P61: Jayempi is indicated in combination with other immunosuppressive agents for the prophylaxis of transplant rejection in patients receiving allogenic kidney, liver, heart, lung or pancreas transplants. Azathioprine is indicated in immunosuppressive regimens as an adjunct to immunosuppressive agents that form the mainstay of treatment (basis immunosuppression). Jayempi is used as an immunosuppressant antimetabolite either alone or, more commonly, in combination with other agents (usually corticosteroids) and/ or procedures which influence the immune response. Jayempi is indicated in patients who are intolerant to glucocorticosteroids or if the therapeutic response is inadequate despite treatment with high doses of glucocorticosteroids, in the following diseases: severe active rheumatoid arthritis (chronic polyarthritis) that cannot be kept under control by less toxic agents (disease-modifying anti-rheumatic -medicinal products – DMARDs) auto-immune hepatitis &nbsp;systemic lupus erythematosus dermatomyositis polyarteritis nodosa pemphigus vulgaris and bullous pemphigoid Behçet’s disease refractory auto-immune haemolytic anaemia, caused by warm IgG antibodies chronic refractory idiopathic thrombocytopenic purpura Jayempi is used for the treatment of moderately severe to severe forms of chronic inflammatory bowel disease (IBD) (Crohn’s disease or ulcerative colitis) in patients in whom glucocorticosteroid therapy is necessary, but where glucocorticosteroids are not tolerated, or in whom the disease is untreatable with other common means of first choice. It is also indicated in adult patients in relapsing multiple sclerosis, if an immunomodulatory therapy is indicated but beta interferon therapy is not possible, or a stable course has been achieved with previous treatment with azathioprine. 3 Jayempi is indicated for the treatment of generalised myasthenia gravis. Depending on the severity of the disease, Jayempi should be given in combination with glucocorticosteroids because of slow onset of action at the beginning of treatment and the glucocorticosteroid dose should be gradually reduced after several months of treatment. | Q61: No | R61: No | S61: No | T61: No | U61: No | V61: No | W61: No | X61: No | Y61: No | Z61: Lipomed GmbH | AA61: 19/03/2025 | AD61: 22/04/2021 | AF61: 21/06/2021 | AJ61: 7 | AK61: 20/04/2021 | AL61: 19/03/2025 | AM61: https://www.ema.europa.eu/en/medicines/human/EPAR/jayempi
A62: Human | B62: Pandemic influenza vaccine H5N1 AstraZeneca (previously Pandemic influenza vaccine H5N1 Medimmune) | C62: EMEA/H/C/003963 | D62: Authorised | F62: R/0074 | G62: pandemic influenza vaccine (H5N1) (live attenuated, nasal) | H62: reassortant influenza virus (live attenuated) of the following strain: A/Vietnam/1203/2004 (H5N1) strain | I62: Influenza, Human | K62: No | L62: J07BB03 | N62: Vaccines | P62: Prophylaxis of influenza in an officially declared pandemic situation in children and adolescents from 12 months to less than 18 years of age. Pandemic influenza vaccine H5N1 AstraZeneca should be used in accordance with official guidance | Q62: No | R62: Yes | S62: No | T62: No | U62: Yes | V62: No | W62: No | X62: No | Y62: No | Z62: AstraZeneca AB | AA62: 12/03/2025 | AD62: 31/03/2016 | AF62: 20/05/2016 | AJ62: 11 | AK62: 23/06/2017 | AL62: 19/03/2025 | AM62: https://www.ema.europa.eu/en/medicines/human/EPAR/pandemic-influenza-vaccine-h5n1-astrazeneca
A63: Human | B63: Tolura | C63: EMEA/H/C/001196 | D63: Authorised | F63: VR/0000247066 | G63: telmisartan | H63: Telmisartan | I63: Hypertension | K63: No | L63: C09CA07 | N63: Angiotensin II antagonists, plain | P63: Hypertension Treatment of essential hypertension in adults. Cardiovascular prevention Reduction of cardiovascular morbidity in patients with: manifest atherothrombotic cardiovascular disease (history of coronary heart disease or peripheral arterial disease) or; type 2 diabetes mellitus with documented target organ damage. | Q63: No | R63: No | S63: No | T63: No | U63: No | V63: No | W63: Yes | X63: No | Y63: No | Z63: Krka, d.d., Novo mesto | AA63: 18/03/2025 | AD63: 18/03/2010 | AF63: 04/06/2010 | AJ63: 13 | AK63: 19/02/2018 | AL63: 19/03/2025 | AM63: https://www.ema.europa.eu/en/medicines/human/EPAR/tolura
A64: Human | B64: Rivastigmine Actavis | C64: EMEA/H/C/002036 | D64: Authorised | F64: VR/0000252948 | G64: rivastigmine | H64: rivastigmine hydrogen tartrate | I64: Dementia;Alzheimer Disease;Parkinson Disease | K64: No | L64: N06DA03 | N64: Psychoanaleptics | P64: Symptomatic treatment of mild to moderately severe Alzheimer's dementia. Symptomatic treatment of mild to moderately severe dementia in patients with idiopathic Parkinson's disease. | Q64: No | R64: No | S64: No | T64: No | U64: No | V64: No | W64: Yes | X64: No | Y64: No | Z64: Actavis Group PTC ehf | AA64: 18/03/2025 | AF64: 16/06/2011 | AJ64: 20 | AK64: 04/04/2018 | AL64: 19/03/2025 | AM64: https://www.ema.europa.eu/en/medicines/human/EPAR/rivastigmine-actavis
A65: Human | B65: Emtricitabine/Tenofovir disoproxil Zentiva | C65: EMEA/H/C/004137 | D65: Authorised | F65: N/0000256683 | G65: emtricitabine;tenofovir disoproxil | H65: emtricitabine;tenofovir disoproxil phosphate | I65: HIV Infections | K65: No | L65: J05AR03 | N65: Antivirals for systemic use | P65: Treatment of HIV-1 infection Emtricitabine/Tenofovir disoproxil Zentiva is indicated in antiretroviral combination therapy for the treatment of HIV-1 infected adults. Emtricitabine/Tenofovir disoproxil Zentiva is also indicated for the treatment of HIV-1 infected adolescents, with NRTI resistance or toxicities precluding the use of first line agents. Pre-exposure prophylaxis (PrEP) Emtricitabine/Tenofovir disoproxil Zentiva is indicated in combination with safer sex practices for pre-exposure prophylaxis to reduce the risk of sexually acquired HIV-1 infection in adults and adolescents at high risk. | Q65: No | R65: No | S65: No | T65: No | U65: No | V65: No | W65: Yes | X65: No | Y65: No | Z65: Zentiva k.s. | AA65: 18/03/2025 | AD65: 15/09/2016 | AF65: 09/11/2016 | AJ65: 10 | AK65: 13/10/2017 | AL65: 19/03/2025 | AM65: https://www.ema.europa.eu/en/medicines/human/EPAR/emtricitabine-tenofovir-disoproxil-zentiva
A66: Human | B66: Rasagiline ratiopharm | C66: EMEA/H/C/003957 | D66: Authorised | F66: N/0000254937 | G66: rasagiline | H66: rasagiline | I66: Parkinson Disease | K66: No | L66: N04BD02 | N66: Anti-Parkinson drugs | P66: Rasagiline ratiopharm is indicated for the treatment of idiopathic Parkinson’s disease (PD) as monotherapy (without levodopa) or as adjunct therapy (with levodopa) in patients with end of dose fluctuations. | Q66: No | R66: No | S66: No | T66: No | U66: No | V66: No | W66: No | X66: No | Y66: No | Z66: Teva B.V. | AA66: 18/03/2025 | AD66: 20/11/2014 | AF66: 12/01/2015 | AJ66: 9 | AK66: 21/06/2018 | AL66: 19/03/2025 | AM66: https://www.ema.europa.eu/en/medicines/human/EPAR/rasagiline-ratiopharm
A67: Human | B67: Fymskina | C67: EMEA/H/C/005805 | D67: Authorised | F67: VR/0000248050 | G67: ustekinumab | H67: ustekinumab | I67: Crohn Disease;Colitis, Ulcerative;Psoriasis;Arthritis, Psoriatic | K67: No | L67: L04AC05 | N67: Immunosuppressants | P67: Plaque psoriasisFymskina is indicated for the treatment of moderate to severe plaque psoriasis in adults who failed to respond to, or who have a contraindication to, or are intolerant to other systemic therapies including ciclosporin, methotrexate (MTX) or PUVA (psoralen and ultraviolet A).Paediatric plaque psoriasisFymskina is indicated for the treatment of moderate to severe plaque psoriasis in children and adolescent patients from the age of 6 years and older, and who are inadequately controlled by, or are intolerant to, other systemic therapies or phototherapies. Psoriatic arthritis (PsA)Fymskina, alone or in combination with MTX, is indicated for the treatment of active psoriatic arthritis in adult patients when the response to previous non-biological disease-modifying anti-rheumatic drug (DMARD) therapy has been inadequate. Crohn’s DiseaseFymskina is indicated for the treatment of adult patients with moderately to severely active Crohn’s disease who have had an inadequate response with, lost response to, or were intolerant to either conventional therapy or a TNFα antagonist or have medical contraindications to such therapies. | Q67: No | R67: No | S67: No | T67: Yes | U67: No | V67: No | W67: No | X67: No | Y67: No | Z67: Formycon AG | AA67: 03/03/2025 | AD67: 25/07/2024 | AF67: 25/09/2024 | AJ67: 2 | AK67: 26/07/2024 | AL67: 19/03/2025 | AM67: https://www.ema.europa.eu/en/medicines/human/EPAR/fymskina
A68: Human | B68: Efavirenz/Emtricitabine/Tenofovir disoproxil Zentiva | C68: EMEA/H/C/004250 | D68: Authorised | F68: N/0000256672 | G68: efavirenz;emtricitabine;tenofovir disoproxil | H68: efavirenz;emtricitabine;tenofovir disoproxil phosphate | I68: HIV Infections | K68: No | L68: J05AR06 | N68: Antivirals for systemic use | P68: Efavirenz/Emtricitabine/Tenofovir disoproxil Zentiva is a fixed-dose combination of efavirenz, emtricitabine and tenofovir disoproxil. It is indicated for the treatment of human immunodeficiency virus-1 (HIV-1) infection in adults aged 18 years and over with virologic suppression to HIV-1 RNA levels of &lt; 50 copies/ml on their current combination antiretroviral therapy for more than three months. Patients must not have experienced virological failure on any prior antiretroviral therapy and must be known not to have harboured virus strains with mutations conferring significant resistance to any of the three components contained in Efavirenz/Emtricitabine/Tenofovir disoproxil Zentiva prior to initiation of their first antiretroviral treatment regimen. The demonstration of the benefit of the combination efavirenz/emtricitabine/tenofovir disoproxil is primarily based on 48-week data from a clinical study in which patients with stable virologic suppression on a combination antiretroviral therapy changed to efavirenz/emtricitabine/tenofovir disoproxil. No data are currently available from clinical studies with combination efavirenz/emtricitabine/tenofovir disoproxil in treatment-naïve or in heavily pretreated patients. No data are available to support the combination of efavirenz/emtricitabine/tenofovir disoproxil and other antiretroviral agents. | Q68: No | R68: No | S68: No | T68: No | U68: No | V68: No | W68: Yes | X68: No | Y68: No | Z68: Zentiva k.s. | AA68: 18/03/2025 | AD68: 18/05/2017 | AF68: 17/07/2017 | AJ68: 12 | AK68: 09/01/2018 | AL68: 18/03/2025 | AM68: https://www.ema.europa.eu/en/medicines/human/EPAR/efavirenz-emtricitabine-tenofovir-disoproxil-zentiva
A69: Human | B69: Lenvima | C69: EMEA/H/C/003727 | D69: Authorised | F69: IB/0057 | G69: lenvatinib | H69: lenvatinib mesilate | I69: Thyroid Neoplasms | K69: No | L69: L01XE | N69: Antineoplastic agents | P69: Lenvima&nbsp;is indicated as monotherapy for the treatment of adult patients with progressive, locally advanced or metastatic, differentiated (papillary/follicular/Hürthle cell) thyroid carcinoma (DTC), refractory to radioactive iodine (RAI). Lenvima&nbsp;is indicated as monotherapy for the treatment of adult patients with advanced or unresectable hepatocellular carcinoma (HCC) who have received no prior systemic therapy. | Q69: Yes | R69: No | S69: No | T69: No | U69: No | V69: No | W69: No | X69: No | Y69: No | Z69: Eisai GmbH | AA69: 18/10/2024 | AD69: 26/03/2015 | AF69: 28/05/2015 | AJ69: 25 | AK69: 21/06/2018 | AL69: 18/03/2025 | AM69: https://www.ema.europa.eu/en/medicines/human/EPAR/lenvima
A70: Human | B70: Riarify (previously CHF 5993 Chiesi Farmaceutici S.p.A.) | C70: EMEA/H/C/004836 | D70: Withdrawn | F70: N/0034 | G70: beclometasone;formoterol | H70: formoterol fumarate dihydrate;glycopyrronium;Beclometasone dipropionate | I70: Pulmonary Disease, Chronic Obstructive | K70: No | L70: R03AL09 | N70: Drugs for obstructive airway diseases | P70: Maintenance treatment in adult patients with moderate to severe chronic obstructive pulmonary disease (COPD) who are not adequately treated by a combination of an inhaled corticosteroid and a long-acting beta2-agonist (for effects on symptoms control and prevention of exacerbations see section 5.1). | Q70: No | R70: No | S70: No | T70: No | U70: No | V70: No | W70: No | X70: No | Y70: No | Z70: Chiesi Farmaceutici S.p.A. | AA70: 04/11/2024 | AF70: 23/04/2018 | AH70: 06/03/2025 | AJ70: 7 | AK70: 23/04/2018 | AL70: 18/03/2025 | AM70: https://www.ema.europa.eu/en/medicines/human/EPAR/riarify
A71: Veterinary | B71: Leucofeligen FeLV/RCP | C71: EMEA/V/C/000143 | D71: Authorised | G71: feline calicivirosis, feline viral rhinotrachieitis, feline infectious enteritis (feline panleucopenia) vaccine (live), feline leukaemia vaccine (inactivated) | H71: purified p45 feline leukaemia virus envelope antigen;live feline calicivirus (strain F9);live feline viral rhinotracheitis virus (strain F2);live feline panleucopenia virus | K71: No | Q71: No | R71: No | S71: No | T71: No | U71: No | V71: No | W71: No | X71: No | Y71: No | AK71: 21/12/2016 | AL71: 17/03/2025 | AM71: https://www.ema.europa.eu/en/medicines/veterinary/EPAR/leucofeligen-felv-rcp
A72: Veterinary | B72: Cimalgex | C72: EMEA/V/C/000162 | D72: Authorised | G72: cimicoxib | H72: cimicoxib | K72: No | Q72: No | R72: No | S72: No | T72: No | U72: No | V72: No | W72: No | X72: No | Y72: No | AK72: 07/01/2016 | AL72: 17/03/2025 | AM72: https://www.ema.europa.eu/en/medicines/veterinary/EPAR/cimalgex
A73: Veterinary | B73: Cytopoint | C73: EMEA/V/C/003939 | D73: Authorised | G73: lokivetmab | H73: lokivetmab | K73: No | Q73: No | R73: No | S73: No | T73: No | U73: No | V73: No | W73: No | X73: No | Y73: No | AK73: 25/01/2018 | AL73: 17/03/2025 | AM73: https://www.ema.europa.eu/en/medicines/veterinary/EPAR/cytopoint
A74: Human | B74: Steglatro | C74: EMEA/H/C/004315 | D74: Authorised | F74: WS2729 | G74: ertugliflozin | H74: ertugliflozin l-pyroglutamic acid | I74: Diabetes Mellitus, Type 2 | K74: No | L74: A10BK04 | N74: Drugs used in diabetes;Sodium-glucose co-transporter 2 (SGLT2) inhibitors | P74: Steglatro is indicated in adults aged 18 years and older with type 2 diabetes mellitus as an adjunct to diet and exercise to improve glycaemic control: as monotherapy in patients for whom the use of metformin is considered inappropriate due to intolerance or contraindications. in addition to other medicinal products for the treatment of diabetes. | Q74: No | R74: No | S74: No | T74: No | U74: No | V74: No | W74: No | X74: No | Y74: No | Z74: Merck Sharp & Dohme B.V. | AA74: 05/09/2024 | AD74: 25/01/2018 | AF74: 21/03/2018 | AJ74: 9 | AK74: 26/04/2018 | AL74: 17/03/2025 | AM74: https://www.ema.europa.eu/en/medicines/human/EPAR/steglatro
A75: Human | B75: Skilarence | C75: EMEA/H/C/002157 | D75: Authorised | F75: N/0000251714 | G75: dimethyl fumarate | H75: dimethyl fumarate | I75: Psoriasis | K75: No | L75: L04AX07 | N75: Immunosuppressants | P75: Skilarence is indicated for the treatment of moderate to severe plaque psoriasis in adults in need of systemic medicinal therapy. | Q75: No | R75: No | S75: No | T75: No | U75: No | V75: No | W75: No | X75: No | Y75: No | Z75: Almirall S.A | AA75: 17/03/2025 | AD75: 21/04/2017 | AF75: 23/06/2017 | AJ75: 13 | AK75: 20/06/2018 | AL75: 17/03/2025 | AM75: https://www.ema.europa.eu/en/medicines/human/EPAR/skilarence
A76: Human | B76: Cejemly | C76: EMEA/H/C/006088 | D76: Authorised | F76: T/0000244822 | G76: sugemalimab | H76: Sugemalimab | I76: Carcinoma, Non-Small-Cell Lung | K76: No | L76: L01FF11 | N76: Antineoplastic agents | P76: Cejemly in combination with platinum-based chemotherapy is indicated for the first line treatment of adults with metastatic non-small cell lung cancer (NSCLC) with no sensitising EGFR mutations, or ALK, ROS1 or RET genomic tumour aberrations. | Q76: No | R76: Yes | S76: No | T76: No | U76: No | V76: No | W76: No | X76: No | Y76: No | Z76: Cstone Pharmaceuticals Ireland Limited | AA76: 10/03/2025 | AD76: 30/05/2024 | AF76: 24/07/2024 | AJ76: 3 | AK76: 31/05/2024 | AL76: 17/03/2025 | AM76: https://www.ema.europa.eu/en/medicines/human/EPAR/cejemly
A77: Human | B77: Lazcluze | C77: EMEA/H/C/006074 | D77: Authorised | E77: Positive | G77: lazertinib | H77: lazertinib mesilate monohydrate | I77: Carcinoma, Non-Small-Cell Lung | K77: No | L77: L01EB09 | N77: Antineoplastic agents | P77: Lazcluze in combination with amivantamab is indicated for the first line treatment of adult patients with advanced non small cell lung cancer (NSCLC) with EGFR exon 19 deletions or exon 21 L858R substitution mutations. | Q77: No | R77: Yes | S77: No | T77: No | U77: No | V77: No | W77: No | X77: No | Y77: No | Z77: Janssen Cilag International NV | AD77: 14/11/2024 | AF77: 20/01/2025 | AK77: 15/11/2024 | AL77: 17/03/2025 | AM77: https://www.ema.europa.eu/en/medicines/human/EPAR/lazcluze
A78: Human | B78: Yervoy | C78: EMEA/H/C/002213 | D78: Authorised | F78: WS2717 | G78: ipilimumab | H78: Ipilimumab | I78: Melanoma;Carcinoma, Renal Cell;Carcinoma, Non-Small-Cell Lung;Mesothelioma, Malignant;Colorectal Neoplasms | K78: No | L78: L01FX04 | N78: Antineoplastic agents | P78: MelanomaYervoy as monotherapy or combination with nivolumab is indicated for the treatment of advanced (unresectable or metastatic) melanoma in adults and adolescents 12 years of age and older (see section 4.4).&nbsp; Yervoy in combination with nivolumab is indicated for the treatment of advanced (unresectable or metastatic) melanoma in adults. Relative to nivolumab monotherapy, an increase in progression-free survival (PFS) and overall survival (OS) for the combination of nivolumab with ipilimumab is established only in patients with low tumour PD-L1 expression (see sections 4.4 and 5.1). Renal cell carcinoma (RCC) Yervoy in combination with nivolumab is indicated for the first-line treatment of adult patients with intermediate/poor-risk advanced renal cell carcinoma (see section 5.1). Non-small cell lung cancer (NSCLC) Yervoy in combination with nivolumab and 2 cycles of platinum-based chemotherapy is indicated for the first-line treatment of metastatic non-small cell lung cancer in adults whose tumours have no sensitising EGFR mutation or ALK translocation. Malignant pleural mesothelioma (MPM) Yervoy in combination with nivolumab is indicated for the first-line treatment of adult patients with unresectable malignant pleural mesothelioma. Mismatch repair deficient (dMMR) or microsatellite instability-high (MSI-H) colorectal cancer (CRC) Yervoy in combination with nivolumab is indicated for the treatment of adult patients with mismatch repair deficient or microsatellite instability high colorectal cancer in the following settings:- first-line treatment of unresectable or metastatic colorectal cancer;- treatment of metastatic colorectal cancer after prior fluoropyrimidine based combination chemotherapy (see section 5.1). Oesophageal squamous cell carcinoma (OSCC) Yervoy in combination with nivolumab is indicated for the first-line treatment of adult patients with unresectable advanced, recurrent or metastatic oesophageal squamous cell carcinoma with tumour cell PD-L1 expression ≥ 1%.Hepatocellular carcinoma (HCC)Yervoy in combination with nivolumab is indicated for the first line treatment of adult patients with unresectable or advanced hepatocellular carcinoma. | Q78: No | R78: No | S78: No | T78: No | U78: No | V78: No | W78: No | X78: No | Y78: No | Z78: Bristol-Myers Squibb Pharma EEIG | AA78: 28/02/2025 | AD78: 19/05/2011 | AF78: 13/07/2011 | AJ78: 58 | AK78: 14/06/2018 | AL78: 17/03/2025 | AM78: https://www.ema.europa.eu/en/medicines/human/EPAR/yervoy
A79: Human | B79: Uptravi | C79: EMEA/H/C/003774 | D79: Authorised | F79: II/0042/G | G79: selexipag | H79: Selexipag | I79: Hypertension, Pulmonary | K79: No | L79: B01AC27 | N79: Antithrombotic agents | P79: Uptravi is indicated for the long-term treatment of pulmonary arterial hypertension (PAH) in adult patients with WHO functional class (FC) II–III, either as combination therapy in patients insufficiently controlled with an endothelin receptor antagonist (ERA) and/or a phosphodiesterase type 5 (PDE-5) inhibitor, or as monotherapy in patients who are not candidates for these therapies. Efficacy has been shown in a PAH population including idiopathic and heritable PAH, PAH associated with connective tissue disorders, and PAH associated with corrected simple congenital heart disease. | Q79: No | R79: No | S79: No | T79: No | U79: No | V79: No | W79: No | X79: No | Y79: No | Z79: Janssen Cilag International NV | AA79: 19/12/2024 | AD79: 28/01/2016 | AF79: 12/05/2016 | AJ79: 17 | AK79: 09/04/2018 | AL79: 17/03/2025 | AM79: https://www.ema.europa.eu/en/medicines/human/EPAR/uptravi
